ID,Bezirk,Standort,Vertrag,Betreiber,Modelltyp,Symbol,Öffnungszeiten,Nutzungsentgelt,Zahlungsart,Barrierefrei,Barrierearm,Wickeltisch
2,Mitte,WC-Center Alexanderplatz 1,Toilettenvertrag mit Wall,Wall GmbH,WC-Center,WC,Mo-Sa 07:00-22:00 So 10:00-22:00,0.5,Bargeld,nein,ja,ja
4,Spandau,WC-Center Spandauer Markt,Toilettenvertrag mit Wall,Wall GmbH,WC-Center,WC,Mo-Sa 07:00-22:00 So 10:00-22:00,0.2,Bargeld,nein,ja,ja
6,Charlottenburg-Wilmersdorf,"Hohenzollerndamm vor Rheinbabenallee (Roseneck, Hundekehlestr.)",Toilettenvertrag mit Wall,Wall GmbH,Berliner Toilette mit 1 Platz,WC,24h,0.5,Karte/App/Paypal/BVG-Guthabenkarte,ja,ja,nein
7,Spandau,"Rathaus Spandau, Altstädter Ring hinter Stabholzgarten",Toilettenvertrag mit Wall,Wall GmbH,Berliner Toilette mit 2 Plätzen,WC,24h,0.5,Karte/App/Paypal/BVG-Guthabenkarte,ja,ja,ja
9,Steglitz-Zehlendorf,Schloßstr. ggü. 33-35 auf dem Hermann-Ehlers-Platz,Toilettenvertrag mit Wall,Wall GmbH,Berliner Toilette mit 2 Plätzen,WC,24h,0.5,Karte/App/Paypal/BVG-Guthabenkarte,ja,ja,nein
10,Neukölln,Waltersdorfer Chaussee ggü. 5-7 hinter Groß Ziethener Chaussee,Toilettenvertrag mit Wall,Wall GmbH,Berliner Toilette 1 Platz mit 2 Pissoirs,WC,24h,0.0,-,ja,ja,nein
11,Tempelhof-Schöneberg,"Wittenbergplatz, Ansbacher Str. ggü. 24 vor Tauentzienstr.",Toilettenvertrag mit Wall,Wall GmbH,Berliner Toilette mit 1 Platz,WC,24h,0.5,Karte/App/Paypal/BVG-Guthabenkarte,ja,ja,ja
13,Reinickendorf,Alt-Tegel 1-3 vor Berliner Str.,Toilettenvertrag mit Wall,Wall GmbH,Berliner Toilette 1 Platz mit Kiosk,WC,24h,0.5,Karte/App/Paypal/BVG-Guthabenkarte,ja,ja,nein
17,Mitte,"Museumsinsel, Am Lustgarten vor Bodestr. (neben Berliner Dom)",Toilettenvertrag mit Wall,Wall GmbH,Berliner Toilette 1 Platz mit 2 Pissoirs,WC,24h,0.0,-,ja,ja,nein
18,Charlottenburg-Wilmersdorf,"George-Grosz-Platz, Kurfürstendamm 50 vor Schlüterstr.",Toilettenvertrag mit Wall,Wall GmbH,Berliner Toilette mit 1 Platz,WC,24h,0.5,Karte/App/Paypal/BVG-Guthabenkarte,ja,ja,nein
19,Mitte,Str. des 17. Juni hinter Ebertstr.,Toilettenvertrag mit Wall,Wall GmbH,Berliner Toilette 1 Platz mit 2 Pissoirs,WC,24h,0.0,-,ja,ja,nein
21,Friedrichshain-Kreuzberg,Erich-Steinfurth-Str. am Hermann-Stöhr-Platz (Ostbahnhof),Toilettenvertrag mit Wall,Wall GmbH,Berliner Toilette 1 Platz mit 2 Pissoirs,WC,24h,0.0,-,ja,ja,nein
22,Mitte,Burgstr. (James-Simon-Park) ggü. 28 ggü. Henriette-Herz-Platz,Toilettenvertrag mit Wall,Wall GmbH,Berliner Toilette 2 Plätze mit 2 Pissoirs,WC,24h,0.0,-,ja,ja,nein
23,Mitte,Seestr. 94 Mittelinsel hinter Müllerstr.,Toilettenvertrag mit Wall,Wall GmbH,Berliner Toilette mit 1 Platz,WC,24h,0.5,Karte/App/Paypal/BVG-Guthabenkarte,ja,ja,nein
26,Charlottenburg-Wilmersdorf,Pestalozzistr. 77 hinter Wilmersdorfer Str. 117,Toilettenvertrag mit Wall,Wall GmbH,Berliner Toilette mit 1 Platz,WC,24h,0.5,Karte/App/Paypal/BVG-Guthabenkarte,ja,ja,nein
27,Neukölln,Hermannplatz 9 Mittelinsel vor Sonnenallee,Toilettenvertrag mit Wall,Wall GmbH,Berliner Toilette mit 1 Platz,WC,24h,0.5,Karte/App/Paypal/BVG-Guthabenkarte,ja,ja,nein
29,Steglitz-Zehlendorf,"S-Bhf. Zehlendorf, Teltower Damm 37-39 ggü. Machnower Str.",Toilettenvertrag mit Wall,Wall GmbH,Berliner Toilette mit 1 Platz,WC,24h,0.5,Karte/App/Paypal/BVG-Guthabenkarte,ja,ja,nein
30,Lichtenberg,"S-Bhf. Lichtenberg, Weitlingstraße 1 vor Einbecker Straße",Toilettenvertrag mit Wall,Wall GmbH,Berliner Toilette mit 1 Platz,WC,24h,0.5,Karte/App/Paypal/BVG-Guthabenkarte,ja,ja,ja
31,Friedrichshain-Kreuzberg,"Platz der Vereinten Nationen, Landsberger Allee vor Friedenstr. stew.",Toilettenvertrag mit Wall,Wall GmbH,Berliner Toilette mit 1 Platz,WC,24h,0.5,Karte/App/Paypal/BVG-Guthabenkarte,ja,ja,nein
32,Pankow,Waldstr. ggü. 89 Mittelinsel hinter Hermann-Hesse-Str.,Toilettenvertrag mit Wall,Wall GmbH,Berliner Toilette mit 1 Platz,WC,24h,0.5,Karte/App/Paypal/BVG-Guthabenkarte,ja,ja,nein
33,Friedrichshain-Kreuzberg,Warschauer Str. ggü. 33 hinter ggü. Marchlewskistr. (Helsingforser Str.),Toilettenvertrag mit Wall,Wall GmbH,Berliner Toilette 1 Platz mit 2 Pissoirs,WC,24h,0.0,-,ja,ja,nein
36,Tempelhof-Schöneberg,"Bundesallee, Friedrich-Wilhelm-Platz 4 ggü. Wilhelmshöher Str.",Toilettenvertrag mit Wall,Wall GmbH,Berliner Toilette mit 1 Platz,WC,24h,0.5,Karte/App/Paypal/BVG-Guthabenkarte,ja,ja,nein
37,Tempelhof-Schöneberg,"S-Bhf. Tempelhof, Tempelhofer Damm 108",Toilettenvertrag mit Wall,Wall GmbH,Berliner Toilette mit 2 Plätzen,WC,24h,0.5,Karte/App/Paypal/BVG-Guthabenkarte,ja,ja,nein
38,Charlottenburg-Wilmersdorf,"Hochmeisterplatz, Westfälische Str. ggü. 70 hinter Johann-Georg-Str.",Toilettenvertrag mit Wall,Wall GmbH,Berliner Toilette mit 1 Platz,WC,24h,0.5,Karte/App/Paypal/BVG-Guthabenkarte,ja,ja,ja
39,Mitte,Waldstr. 1 Mittelinsel hinter Turmstr. 55,Toilettenvertrag mit Wall,Wall GmbH,Berliner Toilette mit 1 Platz,WC,24h,0.5,Karte/App/Paypal/BVG-Guthabenkarte,ja,ja,nein
41,Marzahn-Hellersdorf,"S-Bhf. Springfuhl, Helene-Weigel-Platz 4 vor Märkische Allee",Toilettenvertrag mit Wall,Wall GmbH,Berliner Toilette mit 1 Platz,WC,24h,0.5,Karte/App/Paypal/BVG-Guthabenkarte,ja,ja,ja
43,Tempelhof-Schöneberg,"S-Bhf. Lichtenrade, Briesingstr. ggü. 1 hinter Bahnhofstr.",Toilettenvertrag mit Wall,Wall GmbH,Berliner Toilette 1 Platz mit 2 Pissoirs,WC,24h,0.0,-,ja,ja,nein
44,Neukölln,"U-Bhf. Lipschitzallee, Lipschitzplatz hinter Lipschitzallee 72",Toilettenvertrag mit Wall,Wall GmbH,Berliner Toilette mit 1 Platz,WC,24h,0.5,Karte/App/Paypal/BVG-Guthabenkarte,ja,ja,nein
45,Pankow,"Kollwitzplatz, Kollwitzstr. ggü. 56A vor Knaackstr.",Toilettenvertrag mit Wall,Wall GmbH,Berliner Toilette mit 1 Platz,WC,24h,0.5,Karte/App/Paypal/BVG-Guthabenkarte,ja,ja,ja
46,Tempelhof-Schöneberg,"Platz der Luftbrücke, Tempelhofer Damm vor Manfred-von-Richthofen-Str.",Toilettenvertrag mit Wall,Wall GmbH,Berliner Toilette mit 1 Platz,WC,24h,0.5,Karte/App/Paypal/BVG-Guthabenkarte,ja,ja,nein
47,Spandau,"Moritzstr. hinter Altstädter Ring , Parkplatz",Toilettenvertrag mit Wall,Wall GmbH,Berliner Toilette 1 Platz mit 2 Pissoirs,WC,24h,0.0,-,ja,ja,nein
48,Reinickendorf,"S-Bhf. Frohnau, Welfenallee 1-5 vor Ludolfinger Platz",Toilettenvertrag mit Wall,Wall GmbH,Berliner Toilette mit 1 Platz,WC,24h,0.5,Karte/App/Paypal/BVG-Guthabenkarte,ja,ja,nein
49,Lichtenberg,"S-Bhf. Karlshorst, Stolzenfelsstr. hinter Treskowallee",Toilettenvertrag mit Wall,Wall GmbH,Berliner Toilette mit 1 Platz,WC,24h,0.5,Karte/App/Paypal/BVG-Guthabenkarte,ja,ja,ja
50,Spandau,"Imchenplatz, Imchenallee ggü. Alt-Kladow",Toilettenvertrag mit Wall,Wall GmbH,Berliner Toilette mit 1 Platz,WC,24h,0.5,Karte/App/Paypal/BVG-Guthabenkarte,ja,ja,ja
51,Steglitz-Zehlendorf,Brauerstr. ggü. 1 hinter Königsberger Str. (Kranoldplatz),Toilettenvertrag mit Wall,Wall GmbH,Berliner Toilette mit 1 Platz,WC,24h,0.5,Karte/App/Paypal/BVG-Guthabenkarte,ja,ja,nein
52,Pankow,"Antonplatz, Berliner Allee 34 hinter ggü. Langhansstr.",Toilettenvertrag mit Wall,Wall GmbH,Berliner Toilette mit 1 Platz,WC,24h,0.5,Karte/App/Paypal/BVG-Guthabenkarte,ja,ja,nein
53,Pankow,"Breite Str. 35 Mittelinsel (Anger, Pfarrkirche)",Toilettenvertrag mit Wall,Wall GmbH,Berliner Toilette 2 Plätze mit 2 Pissoirs,WC,24h,0.0,-,ja,ja,nein
55,Friedrichshain-Kreuzberg,Skalitzer Str. ggü. 6 hinter Lausitzer Platz,Toilettenvertrag mit Wall,Wall GmbH,Berliner Toilette mit 1 Platz,WC,24h,0.5,Karte/App/Paypal/BVG-Guthabenkarte,ja,ja,nein
56,Spandau,"Metzer Platz, Pichelsdorfer Str. ggü. 118 vor Jägerstr. (Wilhelmstadt)",Toilettenvertrag mit Wall,Wall GmbH,Berliner Toilette 1 Platz mit 2 Pissoirs,WC,24h,0.0,-,ja,ja,nein
57,Tempelhof-Schöneberg,Alt-Mariendorf 33 vor Mariendorfer Damm 131,Toilettenvertrag mit Wall,Wall GmbH,Berliner Toilette mit 1 Platz,WC,24h,0.5,Karte/App/Paypal/BVG-Guthabenkarte,ja,ja,nein
58,Reinickendorf,"S-Bhf. Tegel, Buddeplatz, Buddestraße ggü. 12 hinter Grußdorfstr.",Toilettenvertrag mit Wall,Wall GmbH,Berliner Toilette mit 1 Platz,WC,24h,0.5,Karte/App/Paypal/BVG-Guthabenkarte,ja,ja,ja
59,Charlottenburg-Wilmersdorf,"U-Bhf. Jakob-Kaiser-Platz, Kurt-Schumacher-Damm hinter Jakob-Kaiser-Platz (Klausingring 21)",Toilettenvertrag mit Wall,Wall GmbH,Berliner Toilette mit 1 Platz,WC,24h,0.5,Karte/App/Paypal/BVG-Guthabenkarte,ja,ja,nein
60,Charlottenburg-Wilmersdorf,"Hohenzollernplatz, Hohenzollerndamm 199 vor Nassauische Str.",Toilettenvertrag mit Wall,Wall GmbH,Berliner Toilette mit 1 Platz,WC,24h,0.5,Karte/App/Paypal/BVG-Guthabenkarte,ja,ja,nein
62,Pankow,Schönhauser Allee hinter 137 vor Cantianstr. 1,Toilettenvertrag mit Wall,Wall GmbH,Berliner Toilette 1 Platz mit 2 Pissoirs,WC,24h,0.0,-,ja,ja,nein
63,Steglitz-Zehlendorf,"S-Bhf. Lankwitz, Leonorenstr. Ggü. 67 hinter Kaulbachstr.",Toilettenvertrag mit Wall,Wall GmbH,Berliner Toilette mit 1 Platz,WC,24h,0.5,Karte/App/Paypal/BVG-Guthabenkarte,ja,ja,nein
64,Spandau,Neuendorfer Str. 2 vor ggü. Bismarckstr.,Toilettenvertrag mit Wall,Wall GmbH,Berliner Toilette mit 1 Platz,WC,24h,0.5,Karte/App/Paypal/BVG-Guthabenkarte,ja,ja,nein
65,Charlottenburg-Wilmersdorf,Klausenerplatz ggü. 23 Mittelinsel vor Spandauer Damm,Toilettenvertrag mit Wall,Wall GmbH,Berliner Toilette 1 Platz mit 2 Pissoirs,WC,24h,0.0,-,ja,ja,ja
66,Treptow-Köpenick,"S-Bhf. Friedrichshagen, Dahlwitzer Landstr. ggü. Schöneicher Str.",Toilettenvertrag mit Wall,Wall GmbH,Berliner Toilette 1 Platz mit 2 Pissoirs,WC,24h,0.0,-,ja,ja,nein
67,Charlottenburg-Wilmersdorf,"Hans-Rosenthal-Platz , Kufsteiner Str. ggü. Fritz-Elsas-Str.",Toilettenvertrag mit Wall,Wall GmbH,Berliner Toilette 1 Platz mit 2 Pissoirs,WC,24h,0.0,-,ja,ja,ja
68,Mitte,Potsdamer Str. 109 hinter Kurfürstenstr.,Toilettenvertrag mit Wall,Wall GmbH,Berliner Toilette 2 Plätze mit 2 Pissoirs,WC,24h,0.0,-,ja,ja,nein
69,Marzahn-Hellersdorf,Marzahner Promenade (Fußgängerzone) 30-33 ggü. Franz-Stenzer-Str. 21-23,Toilettenvertrag mit Wall,Wall GmbH,Berliner Toilette mit 1 Platz,WC,24h,0.5,Karte/App/Paypal/BVG-Guthabenkarte,ja,ja,ja
70,Friedrichshain-Kreuzberg,Planufer hinter Kottbusser Str./Kottbusser Brücke,Toilettenvertrag mit Wall,Wall GmbH,Berliner Toilette mit 1 Platz,WC,24h,0.5,Karte/App/Paypal/BVG-Guthabenkarte,ja,ja,nein
71,Spandau,Kladower Damm 387 vor Sakrower Landstr.,Toilettenvertrag mit Wall,Wall GmbH,Berliner Toilette mit 1 Platz,WC,24h,0.5,Karte/App/Paypal/BVG-Guthabenkarte,ja,ja,nein
73,Marzahn-Hellersdorf,"U-Bhf. Elsterwerdaer Platz, Elsterwerdaer Platz 1 - 3 vor U-Bhf.",Toilettenvertrag mit Wall,Wall GmbH,Berliner Toilette 1 Platz mit 2 Pissoirs,WC,24h,0.0,-,ja,ja,nein
74,Tempelhof-Schöneberg,Innsbrucker Platz Mittelinsel vor Wexstr. 1,Toilettenvertrag mit Wall,Wall GmbH,Berliner Toilette mit 1 Platz,WC,24h,0.5,Karte/App/Paypal/BVG-Guthabenkarte,ja,ja,nein
75,Treptow-Köpenick,"S-Bhf. Grünau, Wassersportallee hinter Adlergestell",Toilettenvertrag mit Wall,Wall GmbH,Berliner Toilette mit 1 Platz,WC,24h,0.5,Karte/App/Paypal/BVG-Guthabenkarte,ja,ja,nein
76,Marzahn-Hellersdorf,"U-Bhf. Kaulsdorf-Nord, Hellersdorfer Str. 78 ggü. Ludwigsluster Str.",Toilettenvertrag mit Wall,Wall GmbH,Berliner Toilette mit 1 Platz,WC,24h,0.5,Karte/App/Paypal/BVG-Guthabenkarte,ja,ja,nein
77,Steglitz-Zehlendorf,Argentinische Allee vor Fischerhüttenstr. 68,Toilettenvertrag mit Wall,Wall GmbH,Berliner Toilette mit 1 Platz,WC,24h,0.5,Karte/App/Paypal/BVG-Guthabenkarte,ja,ja,nein
78,Reinickendorf,"Kurt-Schumacher-Platz, Scharnweberstr. ggü. 19 vor Kurt-Schumacher Damm",Toilettenvertrag mit Wall,Wall GmbH,Berliner Toilette mit 1 Platz,WC,24h,0.5,Karte/App/Paypal/BVG-Guthabenkarte,ja,ja,nein
79,Steglitz-Zehlendorf,U-Bhf. Breitenbachplatz 8 Mittelinsel hinter Dillenburger Str.,Toilettenvertrag mit Wall,Wall GmbH,Berliner Toilette mit 1 Platz,WC,24h,0.5,Karte/App/Paypal/BVG-Guthabenkarte,ja,ja,nein
81,Tempelhof-Schöneberg,"Winterfeldtplatz, Hohenstaufenstr. 1 hinter Goltzstr.",Toilettenvertrag mit Wall,Wall GmbH,Berliner Toilette mit 1 Platz,WC,24h,0.5,Karte/App/Paypal/BVG-Guthabenkarte,ja,ja,nein
82,Treptow-Köpenick,"S-Bhf. Schöneweide, Sterndamm 8 - 10",Toilettenvertrag mit Wall,Wall GmbH,Berliner Toilette mit 1 Platz,WC,24h,0.5,Karte/App/Paypal/BVG-Guthabenkarte,ja,ja,nein
83,Reinickendorf,"S-Bhf. Wittenau, Göschenplatz, Oranienburger Str. 184 - 185",Toilettenvertrag mit Wall,Wall GmbH,Berliner Toilette mit 1 Platz,WC,24h,0.5,Karte/App/Paypal/BVG-Guthabenkarte,ja,ja,nein
84,Friedrichshain-Kreuzberg,Gneisenaustr. 39 hinter Schleiermacher Str.,Toilettenvertrag mit Wall,Wall GmbH,Berliner Toilette 1 Platz mit 2 Pissoirs,WC,24h,0.0,-,ja,ja,nein
85,Friedrichshain-Kreuzberg,"Görlitzer Park, Wiener Str. 59A ggü. Glogauer Str.",Toilettenvertrag mit Wall,Wall GmbH,Berliner Toilette mit 1 Platz,WC,24h,0.5,Karte/App/Paypal/BVG-Guthabenkarte,ja,ja,nein
86,Pankow,Elsa-Brändström-Str. 2 Mittelinsel hinter Berliner Str.,Toilettenvertrag mit Wall,Wall GmbH,Berliner Toilette mit 1 Platz,WC,24h,0.5,Karte/App/Paypal/BVG-Guthabenkarte,ja,ja,nein
87,Pankow,Schivelbeiner Str. 1 Mittelinsel hinter Schönhauser Allee,Toilettenvertrag mit Wall,Wall GmbH,Berliner Toilette mit 1 Platz,WC,24h,0.5,Karte/App/Paypal/BVG-Guthabenkarte,ja,ja,nein
88,Lichtenberg,Gudrunstr. 20 vor Rüdigerstr. (am Zentralfriedhof Friedrichsfelde),Toilettenvertrag mit Wall,Wall GmbH,Berliner Toilette mit 1 Platz,WC,24h,0.5,Karte/App/Paypal/BVG-Guthabenkarte,ja,ja,nein
89,Friedrichshain-Kreuzberg,"Wühlischplatz, Wühlischstr. ggü. 11 hinter Sonntagstr.",Toilettenvertrag mit Wall,Wall GmbH,Berliner Toilette mit 1 Platz,WC,24h,0.5,Karte/App/Paypal/BVG-Guthabenkarte,ja,ja,nein
90,Tempelhof-Schöneberg,Mariendorfer Damm 90 vor Prinzenstr.,Toilettenvertrag mit Wall,Wall GmbH,Berliner Toilette 2 Plätze mit 2 Pissoirs,WC,24h,0.0,-,ja,ja,nein
91,Friedrichshain-Kreuzberg,Friedrichstr. ggü. 10-11 vor Franz-Klühs-Str.,Toilettenvertrag mit Wall,Wall GmbH,Berliner Toilette mit 1 Platz,WC,24h,0.5,Karte/App/Paypal/BVG-Guthabenkarte,ja,ja,nein
92,Charlottenburg-Wilmersdorf,"S-Bhf. Grunewald, Fontanestr. ggü. Winklerstr. 28 (Kamielplatz)",Toilettenvertrag mit Wall,Wall GmbH,Berliner Toilette mit 1 Platz,WC,24h,0.5,Karte/App/Paypal/BVG-Guthabenkarte,ja,ja,nein
93,Lichtenberg,"S-Bhf. Nöldnerplatz, Archibaldweg vor Lückstr.",Toilettenvertrag mit Wall,Wall GmbH,Berliner Toilette mit 1 Platz,WC,24h,0.5,Karte/App/Paypal/BVG-Guthabenkarte,ja,ja,ja
94,Charlottenburg-Wilmersdorf,"Bundesallee, Bundesplatz 6 Mittelinsel vor Detmolder Str.",Toilettenvertrag mit Wall,Wall GmbH,Berliner Toilette mit 1 Platz,WC,24h,0.5,Karte/App/Paypal/BVG-Guthabenkarte,ja,ja,nein
95,Mitte,"Humboldthain, Gustav-Meyer-Allee hinter Brunnenstr.",Toilettenvertrag mit Wall,Wall GmbH,Berliner Toilette mit 1 Platz,WC,24h,0.5,Karte/App/Paypal/BVG-Guthabenkarte,ja,ja,nein
97,Lichtenberg,"S-Bhf. Wartenberg , Egon-Erwin-Kisch-Str. 28",Toilettenvertrag mit Wall,Wall GmbH,Berliner Toilette mit 1 Platz,WC,24h,0.5,Karte/App/Paypal/BVG-Guthabenkarte,ja,ja,ja
98,Charlottenburg-Wilmersdorf,Ludwigkirchplatz 12 vor Pfalzburger Str.,Toilettenvertrag mit Wall,Wall GmbH,Berliner Toilette mit 1 Platz,WC,24h,0.5,Karte/App/Paypal/BVG-Guthabenkarte,ja,ja,ja
99,Friedrichshain-Kreuzberg,"Am Märchenbrunnen, Friedenstr. ggü. 4 vor ggü. Georgenkirchstr.",Toilettenvertrag mit Wall,Wall GmbH,Berliner Toilette mit 1 Platz,WC,24h,0.5,Karte/App/Paypal/BVG-Guthabenkarte,ja,ja,nein
100,Treptow-Köpenick,Kiefholzstr. 258 hinter Baumschulenstr.,Toilettenvertrag mit Wall,Wall GmbH,Berliner Toilette mit 1 Platz,WC,24h,0.5,Karte/App/Paypal/BVG-Guthabenkarte,ja,ja,nein
101,Mitte,Stralsunder Str. (Fußgängerzone) 61 hinter Brunnenstr.,Toilettenvertrag mit Wall,Wall GmbH,Berliner Toilette mit 1 Platz,WC,24h,0.5,Karte/App/Paypal/BVG-Guthabenkarte,ja,ja,ja
102,Pankow,Grellstr. 39 Mittelinsel hinter Greifswalder Str.,Toilettenvertrag mit Wall,Wall GmbH,Berliner Toilette mit 1 Platz,WC,24h,0.5,Karte/App/Paypal/BVG-Guthabenkarte,ja,ja,nein
103,Neukölln,Richardplatz 17 Mittelinsel hinter Richardstr.,Toilettenvertrag mit Wall,Wall GmbH,Berliner Toilette mit 1 Platz,WC,24h,0.5,Karte/App/Paypal/BVG-Guthabenkarte,ja,ja,nein
104,Charlottenburg-Wilmersdorf,Eberbacher Str. 24 Mittelinsel hinter Binger Str.,Toilettenvertrag mit Wall,Wall GmbH,Berliner Toilette mit 1 Platz,WC,24h,0.5,Karte/App/Paypal/BVG-Guthabenkarte,ja,ja,ja
106,Tempelhof-Schöneberg,Hauptstr. 128 Mittelinsel vor Albertstr.,Toilettenvertrag mit Wall,Wall GmbH,Berliner Toilette mit 1 Platz,WC,24h,0.5,Karte/App/Paypal/BVG-Guthabenkarte,ja,ja,nein
107,Charlottenburg-Wilmersdorf,Badensche Str. 29 hinter Berliner Str.,Toilettenvertrag mit Wall,Wall GmbH,Berliner Toilette mit 1 Platz,WC,24h,0.5,Karte/App/Paypal/BVG-Guthabenkarte,ja,ja,nein
108,Mitte,Ungarnstr. ggü. 58 hinter ggü. Indische Str.,Toilettenvertrag mit Wall,Wall GmbH,Berliner Toilette 1 Platz mit 2 Pissoirs,WC,24h,0.0,-,ja,ja,nein
109,Friedrichshain-Kreuzberg,"Forckenbeckplatz, Eldenaer Str. ggü. 44-45 hinter Liebigstr.",Toilettenvertrag mit Wall,Wall GmbH,Berliner Toilette mit 1 Platz,WC,24h,0.5,Karte/App/Paypal/BVG-Guthabenkarte,ja,ja,nein
110,Tempelhof-Schöneberg,Dürerplatz 5 vor Rembrandtstr.,Toilettenvertrag mit Wall,Wall GmbH,Berliner Toilette mit 1 Platz,WC,24h,0.5,Karte/App/Paypal/BVG-Guthabenkarte,ja,ja,nein
111,Pankow,Wiltbergstr. 19 vor Walter-Friedrich-Str.,Toilettenvertrag mit Wall,Wall GmbH,Berliner Toilette mit 1 Platz,WC,24h,0.5,Karte/App/Paypal/BVG-Guthabenkarte,ja,ja,nein
112,Mitte,Osloer Str. 18 Mittelinsel hinter Prinzenallee,Toilettenvertrag mit Wall,Wall GmbH,Berliner Toilette mit 1 Platz,WC,24h,0.5,Karte/App/Paypal/BVG-Guthabenkarte,ja,ja,nein
113,Treptow-Köpenick,Am Treptower Park ggü. 31-32,Toilettenvertrag mit Wall,Wall GmbH,Berliner Toilette mit 1 Platz,WC,24h,0.5,Karte/App/Paypal/BVG-Guthabenkarte,ja,ja,nein
114,Tempelhof-Schöneberg,"Bülowstr. ggü. 49 vor Yorckstr., Goebenstr.",Toilettenvertrag mit Wall,Wall GmbH,Berliner Toilette mit 1 Platz,WC,24h,0.5,Karte/App/Paypal/BVG-Guthabenkarte,ja,ja,nein
115,Mitte,Turmstr. ggü. 20a-21 vor ggü. Bandelstr.,Toilettenvertrag mit Wall,Wall GmbH,Berliner Toilette 1 Platz mit 2 Pissoirs,WC,24h,0.0,-,ja,ja,nein
116,Mitte,"Köllnischer Park, Rungestr. 31 ggü. Wassergasse",Toilettenvertrag mit Wall,Wall GmbH,Berliner Toilette mit 1 Platz,WC,24h,0.5,Karte/App/Paypal/BVG-Guthabenkarte,ja,ja,nein
117,Pankow,Bornholmer Str. 94 Mittelinsel vor Schönhauser Allee,Toilettenvertrag mit Wall,Wall GmbH,Berliner Toilette mit 1 Platz,WC,24h,0.5,Karte/App/Paypal/BVG-Guthabenkarte,ja,ja,nein
118,Lichtenberg,Gürtelstr. vor Frankfurter Allee 120-122,Toilettenvertrag mit Wall,Wall GmbH,Berliner Toilette mit 1 Platz,WC,24h,0.5,Karte/App/Paypal/BVG-Guthabenkarte,ja,ja,nein
119,Friedrichshain-Kreuzberg,"Comeniusplatz , Torellstr. ggü. 1 vor Marchlewskistr.",Toilettenvertrag mit Wall,Wall GmbH,Berliner Toilette 1 Platz mit 2 Pissoirs,WC,24h,0.0,-,ja,ja,nein
120,Pankow,Am Falkplatz ggü. 5 hinter Gleimstr.,Toilettenvertrag mit Wall,Wall GmbH,Berliner Toilette 1 Platz mit 2 Pissoirs,WC,24h,0.0,-,ja,ja,ja
121,Marzahn-Hellersdorf,"S-Bhf. Ahrensfelde, Ahrensfelder Platz hinter Märkische Allee 376, Havemannstr.",Toilettenvertrag mit Wall,Wall GmbH,Berliner Toilette 1 Platz mit 2 Pissoirs,WC,24h,0.0,-,ja,ja,nein
122,Lichtenberg,Degnerstr. 5 hinter Waldowstr.,Toilettenvertrag mit Wall,Wall GmbH,Berliner Toilette mit 1 Platz,WC,24h,0.5,Karte/App/Paypal/BVG-Guthabenkarte,ja,ja,nein
123,Pankow,Wichertstr. 43 Mittelinsel hinter Prenzlauer Allee,Toilettenvertrag mit Wall,Wall GmbH,Berliner Toilette 1 Platz mit 2 Pissoirs,WC,24h,0.0,-,ja,ja,nein
124,Mitte,Alt-Moabit ggü. 81-82 vor Ottostr.,Toilettenvertrag mit Wall,Wall GmbH,Berliner Toilette mit 1 Platz,WC,24h,0.5,Karte/App/Paypal/BVG-Guthabenkarte,ja,ja,nein
125,Neukölln,"U-Bhf. Wutzkyallee, Joachim-Gottschalk-Weg 12 - 14",Toilettenvertrag mit Wall,Wall GmbH,Berliner Toilette mit 1 Platz,WC,24h,0.5,Karte/App/Paypal/BVG-Guthabenkarte,ja,ja,nein
126,Pankow,"Helmholtzplatz, Raumerstr. ggü. 9",Toilettenvertrag mit Wall,Wall GmbH,Berliner Toilette 1 Platz mit 2 Pissoirs,WC,24h,0.0,-,ja,ja,ja
127,Tempelhof-Schöneberg,"S-Bhf. Priesterweg, Priesterweg ggü. Parkplatz",Toilettenvertrag mit Wall,Wall GmbH,Berliner Toilette mit 1 Platz,WC,24h,0.5,Karte/App/Paypal/BVG-Guthabenkarte,ja,ja,nein
128,Tempelhof-Schöneberg,Marienfelder Allee 144-146 ggü. Malteserstr.,Toilettenvertrag mit Wall,Wall GmbH,Berliner Toilette mit 1 Platz,WC,24h,0.5,Karte/App/Paypal/BVG-Guthabenkarte,ja,ja,nein
130,Marzahn-Hellersdorf,"S-Bhf. Wuhletal, Altentreptower Str.",Toilettenvertrag mit Wall,Wall GmbH,Berliner Toilette mit 1 Platz,WC,24h,0.5,Karte/App/Paypal/BVG-Guthabenkarte,ja,ja,ja
131,Steglitz-Zehlendorf,Steglitzer Damm ggü. 3 hinter Albrechtstr.,Toilettenvertrag mit Wall,Wall GmbH,Berliner Toilette mit 1 Platz,WC,24h,0.5,Karte/App/Paypal/BVG-Guthabenkarte,ja,ja,nein
132,Friedrichshain-Kreuzberg,"Traveplatz, Weichselstr. ggü. 13-14 vor Travestr.",Toilettenvertrag mit Wall,Wall GmbH,Berliner Toilette mit 1 Platz,WC,24h,0.5,Karte/App/Paypal/BVG-Guthabenkarte,ja,ja,nein
134,Pankow,Wichertstr. 21 Mittelinsel hinter Stahlheimer Str. 3a,Toilettenvertrag mit Wall,Wall GmbH,Berliner Toilette 1 Platz mit 2 Pissoirs,WC,24h,0.0,-,ja,ja,nein
135,Pankow,Berliner Allee ggü. 160 ggü. Wegenerstr. 1 (am Weißen See),Toilettenvertrag mit Wall,Wall GmbH,Berliner Toilette 1 Platz mit 2 Pissoirs,WC,24h,0.0,-,ja,ja,ja
136,Neukölln,"Thomashöhe, Thomasstr. ggü. 11-15 hinter Mittelweg",Toilettenvertrag mit Wall,Wall GmbH,Berliner Toilette 1 Platz mit 2 Pissoirs,WC,24h,0.0,-,ja,ja,nein
137,Pankow,"Hugenottenplatz, Schweizer Tal ggü. 48 vor Rosenthaler Weg",Toilettenvertrag mit Wall,Wall GmbH,Berliner Toilette mit 1 Platz,WC,24h,0.5,Karte/App/Paypal/BVG-Guthabenkarte,ja,ja,nein
138,Neukölln,Schillerpromenade 37 Mittelinsel hinter Herrfurthplatz,Toilettenvertrag mit Wall,Wall GmbH,Berliner Toilette 1 Platz mit 2 Pissoirs,WC,24h,0.0,-,ja,ja,nein
139,Tempelhof-Schöneberg,Im Domstift vor Lichtenrader Damm,Toilettenvertrag mit Wall,Wall GmbH,Berliner Toilette mit 1 Platz,WC,24h,0.5,Karte/App/Paypal/BVG-Guthabenkarte,ja,ja,nein
140,Marzahn-Hellersdorf,Roedernstr. vor Hultschiner Damm 75,Toilettenvertrag mit Wall,Wall GmbH,Berliner Toilette mit 1 Platz,WC,24h,0.5,Karte/App/Paypal/BVG-Guthabenkarte,ja,ja,nein
141,Neukölln,Sonnenallee 262 vor Grenzallee,Toilettenvertrag mit Wall,Wall GmbH,Berliner Toilette 1 Platz mit 2 Pissoirs,WC,24h,0.0,-,ja,ja,nein
142,Marzahn-Hellersdorf,Quedlinburger Str. hinter 1 vor  Stendaler Str. 30,Toilettenvertrag mit Wall,Wall GmbH,Berliner Toilette mit 1 Platz,WC,24h,0.5,Karte/App/Paypal/BVG-Guthabenkarte,ja,ja,nein
143,Tempelhof-Schöneberg,Hranitzkistr. vor Marienfelder Allee 27,Toilettenvertrag mit Wall,Wall GmbH,Berliner Toilette mit 1 Platz,WC,24h,0.5,Karte/App/Paypal/BVG-Guthabenkarte,ja,ja,nein
144,Neukölln,"Boddinplatz, Mainzer Str. hinter Boddinstr.",Toilettenvertrag mit Wall,Wall GmbH,Berliner Toilette 1 Platz mit 2 Pissoirs,WC,24h,0.0,-,ja,ja,nein
145,Marzahn-Hellersdorf,Debenzer Str. ggü. 36 vor Beruner Str. (Biesdorfer Baggersee),Toilettenvertrag mit Wall,Wall GmbH,Berliner Toilette 1 Platz mit 2 Pissoirs,WC,24h,0.0,-,ja,ja,ja
146,Steglitz-Zehlendorf,Steglitzer Damm vor 39/39a hinter Immenweg,Toilettenvertrag mit Wall,Wall GmbH,Berliner Toilette mit 1 Platz,WC,24h,0.5,Karte/App/Paypal/BVG-Guthabenkarte,ja,ja,nein
147,Tempelhof-Schöneberg,"Bosepark, Manteuffelstr. ggü. 9 hinter Bosestr.",Toilettenvertrag mit Wall,Wall GmbH,Berliner Toilette 1 Platz mit 2 Pissoirs,WC,24h,0.0,-,ja,ja,ja
148,Mitte,Invalidenstr. ggü. 44 am Platz vor dem Neuen Tor,Toilettenvertrag mit Wall,Wall GmbH,Berliner Toilette 1 Platz mit 2 Pissoirs,WC,24h,0.0,-,ja,ja,nein
149,Pankow,Achillesstr. ggü. 59 hinter Bucher Chaussee,Toilettenvertrag mit Wall,Wall GmbH,Berliner Toilette mit 1 Platz,WC,24h,0.5,Karte/App/Paypal/BVG-Guthabenkarte,ja,ja,nein
150,Tempelhof-Schöneberg,"Attilaplatz, Attilastr. ggü. 176 vor Manteuffelstr.",Toilettenvertrag mit Wall,Wall GmbH,Berliner Toilette mit 1 Platz,WC,24h,0.5,Karte/App/Paypal/BVG-Guthabenkarte,ja,ja,nein
152,Treptow-Köpenick,Griechische Allee 2 Mittelinsel hinter Edisonstr.,Toilettenvertrag mit Wall,Wall GmbH,Berliner Toilette mit 1 Platz,WC,24h,0.5,Karte/App/Paypal/BVG-Guthabenkarte,ja,ja,nein
153,Neukölln,"Kranoldplatz, Bendastr. ggü. Kranoldstr.",Toilettenvertrag mit Wall,Wall GmbH,Berliner Toilette 1 Platz mit 2 Pissoirs,WC,24h,0.0,-,ja,ja,nein
154,Treptow-Köpenick,Plesser Str. 7 vor Karl-Kunger-Str.,Toilettenvertrag mit Wall,Wall GmbH,Berliner Toilette mit 1 Platz,WC,24h,0.5,Karte/App/Paypal/BVG-Guthabenkarte,ja,ja,nein
156,Marzahn-Hellersdorf,"U-Bhf. Kienberg, Neue Grottkauer Str. hinter Etkar-Andre-Str.",Toilettenvertrag mit Wall,Wall GmbH,Berliner Toilette mit 1 Platz,WC,24h,0.5,Karte/App/Paypal/BVG-Guthabenkarte,ja,ja,ja
159,Mitte,Edinburger Str. 38 vor Barfusstr. staw. (Schillerpark),Toilettenvertrag mit Wall,Wall GmbH,Berliner Toilette 1 Platz mit 2 Pissoirs,WC,24h,0.0,-,ja,ja,ja
160,Treptow-Köpenick,"S-Bhf. Adlershof, Rudower Chaussee 1 - 3 hinter Franz-Ehrlich-Str.",Toilettenvertrag mit Wall,Wall GmbH,Berliner Toilette mit 1 Platz,WC,24h,0.5,Karte/App/Paypal/BVG-Guthabenkarte,ja,ja,nein
161,Marzahn-Hellersdorf,"S-Bhf. Biesdorf, Wuhlgartenweg hinter Oberfeldstr.",Toilettenvertrag mit Wall,Wall GmbH,Berliner Toilette mit 1 Platz,WC,24h,0.5,Karte/App/Paypal/BVG-Guthabenkarte,ja,ja,nein
162,Charlottenburg-Wilmersdorf,"Olympiastadion, Trakehner Allee hinter ggü. 7 vor Coubertinplatz",Toilettenvertrag mit Wall,Wall GmbH,Berliner Toilette mit 2 Plätzen,WC,24h,0.5,Karte/App/Paypal/BVG-Guthabenkarte,ja,ja,nein
163,Treptow-Köpenick,Wernsdorfer Str. ggü. 1 hinter Alt-Schmöckwitz,Toilettenvertrag mit Wall,Wall GmbH,Berliner Toilette mit 1 Platz,WC,24h,0.5,Karte/App/Paypal/BVG-Guthabenkarte,ja,ja,nein
164,Tempelhof-Schöneberg,Munsterdamm vor Prellerweg,Toilettenvertrag mit Wall,Wall GmbH,Berliner Toilette mit 1 Platz,WC,24h,0.5,Karte/App/Paypal/BVG-Guthabenkarte,ja,ja,nein
165,Lichtenberg,Möllendorffstr. hinter Kielblockstr.,Toilettenvertrag mit Wall,Wall GmbH,Berliner Toilette 1 Platz mit 2 Pissoirs,WC,24h,0.0,-,ja,ja,ja
166,Steglitz-Zehlendorf,Goerzallee 1-3 vor Königsberger Str.,Toilettenvertrag mit Wall,Wall GmbH,Berliner Toilette mit 1 Platz,WC,24h,0.5,Karte/App/Paypal/BVG-Guthabenkarte,ja,ja,nein
167,Treptow-Köpenick,Wilhelminenhofstr. 54 hinter Rathenaustr. 1,Toilettenvertrag mit Wall,Wall GmbH,Berliner Toilette mit 1 Platz,WC,24h,0.5,Karte/App/Paypal/BVG-Guthabenkarte,ja,ja,nein
168,Mitte,Linkstr. ggü. 10 vor ggü. Eichhornstr.,Toilettenvertrag mit Wall,Wall GmbH,Berliner Toilette 1 Platz mit 2 Pissoirs,WC,24h,0.0,-,ja,ja,nein
169,Treptow-Köpenick,"S-Bhf. Wilhelmshagen, Schönblicker Str. vor Erknerstr.",Toilettenvertrag mit Wall,Wall GmbH,Berliner Toilette mit 1 Platz,WC,24h,0.5,Karte/App/Paypal/BVG-Guthabenkarte,ja,ja,nein
170,Treptow-Köpenick,Schönefelder Chaussee 100 vor ggü. Gerosteig,Toilettenvertrag mit Wall,Wall GmbH,Berliner Toilette mit 1 Platz,WC,24h,0.5,Karte/App/Paypal/BVG-Guthabenkarte,ja,ja,nein
172,Charlottenburg-Wilmersdorf,"U-Bhf. Ruhleben, Hempelsteig hinter 1 a ggü. Rückseite U-Bhf. Ruhleben",Toilettenvertrag mit Wall,Wall GmbH,Berliner Toilette mit 1 Platz,WC,24h,0.5,Karte/App/Paypal/BVG-Guthabenkarte,ja,ja,nein
173,Marzahn-Hellersdorf,Hellersdorfer Str. 227 hinter Kastanienallee 1,Toilettenvertrag mit Wall,Wall GmbH,Berliner Toilette mit 1 Platz,WC,24h,0.5,Karte/App/Paypal/BVG-Guthabenkarte,ja,ja,nein
176,Pankow,Rennbahnstr. ggü. 1-2 vor Berliner Allee,Toilettenvertrag mit Wall,Wall GmbH,Berliner Toilette 1 Platz mit 2 Pissoirs,WC,24h,0.0,-,ja,ja,ja
177,Steglitz-Zehlendorf,Ostpreußendamm 83 hinter Wismarer Str.,Toilettenvertrag mit Wall,Wall GmbH,Berliner Toilette mit 1 Platz,WC,24h,0.5,Karte/App/Paypal/BVG-Guthabenkarte,ja,ja,nein
183,Mitte,WC-Center Rathausstr. Ggü. 17 hinter Spandauer Str.,Toilettenvertrag mit Wall,Wall GmbH,WC-Center,WC,9:30-20:00 Uhr,0.5,Bargeld,nein,ja,ja
184,Friedrichshain-Kreuzberg,"Boxhagener Platz, Gärtnerstr. ggü. 12-13 hinter Grünberger Str.",Toilettenvertrag mit Wall,Wall GmbH,gemauert,WC,24h,0.0,-,nein,nein,nein
186,Friedrichshain-Kreuzberg,"Volkspark Friedrichshain, Neuer Hain hinter Eingang Danziger Str./Paul-Heyse-Str.",Toilettenvertrag mit Wall,Wall GmbH,gemauert,WC,24h,0.0,-,nein,nein,nein
191,Charlottenburg-Wilmersdorf,WC-Center Breitscheidplatz vor Budapester Str.,Toilettenvertrag mit Wall,Wall GmbH,WC-Center,WC,Mo-Sa 7:00-22:00 Uhr So 10:00-22:00 Uhr,0.5,Bargeld,nein,ja,ja
192,Mitte,"Großer Stern (Haus C) , Str. des 17. Juni vor Großer Stern",Toilettenvertrag mit Wall,Wall GmbH,gemauert,WC,April-Sept. 07:00 -22:00  Okt. - März 08:00-20:00,0.0,-,nein,nein,nein
198,Charlottenburg-Wilmersdorf,"WC-Center Joachimsthaler Platz, Kurfürstendamm 226 vor Joachimsthaler Str.",Toilettenvertrag mit Wall,Wall GmbH,WC-Center,WC,Mo-Sa 07:00-22:00 So 10:00-22:00,0.5,Bargeld,nein,nein,ja
199,Charlottenburg-Wilmersdorf,"Volkspark Wilmersdorf , Am Volkspark vor ggü. Livländische Str.",Toilettenvertrag mit Wall,Wall GmbH,gemauert,WC,April-Sept. 07:00 -22:00  Okt. - März 08:00-20:00,0.0,-,nein,nein,nein
202,Charlottenburg-Wilmersdorf,"Olympiastadion, Olympischer Platz 6 vor Gutsmuthsweg (Eingang Hockey-Stadion)",Toilettenvertrag mit Wall,Wall GmbH,Berliner Toilette mit 2 Plätzen,WC,24h,0.5,Karte/App/Paypal/BVG-Guthabenkarte,ja,ja,nein
205,Charlottenburg-Wilmersdorf,Preußenallee Mittelinsel hinter Olympische Str. 1,Toilettenvertrag mit Wall,Wall GmbH,Berliner Toilette mit 1 Platz,WC,24h,0.5,Karte/App/Paypal/BVG-Guthabenkarte,ja,ja,nein
206,Charlottenburg-Wilmersdorf,"Preußenpark , Brandenburgische Str. vor Konstanzer Str.",Toilettenvertrag mit Wall,Wall GmbH,gemauert,WC,April-Sept. 07:00 -22:00  Okt. - März 08:00-20:00,0.0,-,nein,nein,nein
207,Charlottenburg-Wilmersdorf,Rüdesheimer Platz 6 vor Rüdesheimer Str.,Toilettenvertrag mit Wall,Wall GmbH,Café Achteck,WC,24h,0.0,-,nein,nein,nein
210,Charlottenburg-Wilmersdorf,Theodor-Heuss-Platz ggü. 4-6 Mittelinsel vor Reichsstr.,Toilettenvertrag mit Wall,Wall GmbH,gemauert,WC,April-Sept. 07:00 -22:00  Okt. - März 08:00-20:00,0.0,-,nein,nein,nein
212,Friedrichshain-Kreuzberg,Viktoriapark am Spielplatz,Toilettenvertrag mit Wall,Wall GmbH,gemauert,WC,24h,0.0,-,nein,nein,nein
213,Lichtenberg,"Landsberger Allee vor Franz-Jacob-Str., am Anton-Saefkow-Platz 14",Toilettenvertrag mit Wall,Wall GmbH,Berliner Toilette 1 Platz mit 2 Pissoirs,WC,24h,0.0,-,ja,ja,nein
214,Mitte,Altonaer Str. am Oswald-Schumann-Platz (Tiergarten),Toilettenvertrag mit Wall,Wall GmbH,gemauert,WC,24h,0.0,-,nein,nein,nein
218,Mitte,Charlottenstr. ggü. 53-54 am Gendarmenmarkt,Toilettenvertrag mit Wall,Wall GmbH,Berliner Toilette mit 2 Plätzen,WC,24h,0.5,Karte/App/Paypal/BVG-Guthabenkarte,ja,ja,nein
220,Mitte,Reinickendorfer Str. 9 vor Schönwalder Str./Weddingplatz,Toilettenvertrag mit Wall,Wall GmbH,Berliner Toilette mit 1 Platz,WC,24h,0.5,Karte/App/Paypal/BVG-Guthabenkarte,ja,ja,nein
222,Mitte,"Leopoldplatz, Müllerstr. ggü. 150 vor Nazarethkirchstr.",Toilettenvertrag mit Wall,Wall GmbH,Berliner Toilette 1 Platz mit 2 Pissoirs,WC,Mo-Fr 8:00 - 16:30 Uhr; Sa-So 10:00 - 17:00 Uhr   ,0.0,-,ja,ja,nein
227,Neukölln,"U-Bhf. Britz-Süd, Parkplatz, Fritz-Reuter-Allee vor Gutschmidtstr.",Toilettenvertrag mit Wall,Wall GmbH,gemauert,WC,April-Sept. 07:00 -22:00  Okt. - März 08:00-20:00,0.0,-,nein,nein,nein
228,Neukölln,Elbestr. 39 Mittelinsel vor Sonnenallee,Toilettenvertrag mit Wall,Wall GmbH,gemauert,WC,April-Sept. 07:00 -22:00  Okt. - März 08:00-20:00,0.0,-,nein,nein,nein
230,Neukölln,"Alfred-Scholz-Platz, Richardstr. 1 hinter ggü. Ganghoferstr.",Toilettenvertrag mit Wall,Wall GmbH,Berliner Toilette mit 1 Platz,WC,24h,0.5,Karte/App/Paypal/BVG-Guthabenkarte,ja,ja,nein
231,Pankow,"Arnswalder Platz, Bötzowstr. ggü. 51 vor Danziger Str.",Toilettenvertrag mit Wall,Wall GmbH,Berliner Toilette 1 Platz mit 2 Pissoirs,WC,24h,0.0,-,ja,ja,ja
234,Reinickendorf,"Fellbacher Platz , Heinsestr. vor Fellbacher Str.",Toilettenvertrag mit Wall,Wall GmbH,Café Achteck,WC,24h,0.0,-,nein,nein,nein
243,Spandau,"Jugendplatz , Jugendweg vor Quellweg",Toilettenvertrag mit Wall,Wall GmbH,gemauert,WC,24h,0.0,-,nein,nein,nein
255,Steglitz-Zehlendorf,Moltkestr. hinter Holbeinstr. (Ludwig-Beck-Platz),Toilettenvertrag mit Wall,Wall GmbH,gemauert,WC,24h,0.0,-,nein,nein,nein
260,Treptow-Köpenick,"S-Bhf. Köpenick, Stellingdamm ggü. 1 hinter Mahlsdorfer Str.",Toilettenvertrag mit Wall,Wall GmbH,Berliner Toilette mit 1 Platz,WC,24h,0.5,Karte/App/Paypal/BVG-Guthabenkarte,ja,ja,nein
261,Treptow-Köpenick,Bölschestr. 113 vor Aßmannstr. (Marktplatz Friedrichshagen),Toilettenvertrag mit Wall,Wall GmbH,gemauert,WC,April-Sept. 07:00 -22:00  Okt. - März 08:00-20:00,0.0,-,nein,nein,nein
262,Friedrichshain-Kreuzberg,Urbanstr. 21 vor Fontanepromenade,Toilettenvertrag mit Wall,Wall GmbH,Berliner Toilette mit 1 Platz,WC,24h,0.5,Karte/App/Paypal/BVG-Guthabenkarte,ja,ja,nein
263,Reinickendorf,Greenwichpromenade vor Tegeler Hafenbrücke,Toilettenvertrag mit Wall,Wall GmbH,Berliner Toilette mit 2 Plätzen,WC,24h,0.5,Karte/App/Paypal/BVG-Guthabenkarte,ja,ja,ja
266,Spandau,Haselhorster Damm 23 hinter Burscheider Weg,Toilettenvertrag mit Wall,Wall GmbH,gemauert,WC,24h,0.0,-,nein,ja,nein
267,Spandau,Magistratsweg 8a vor Obstallee,Toilettenvertrag mit Wall,Wall GmbH,gemauert,WC,24h,0.0,-,nein,ja,nein
273,Charlottenburg-Wilmersdorf,"S-Bhf. Olympiastadion, Trakehner Allee vor ggü. 3 hinter Gutsmuthsweg",Toilettenvertrag mit Wall,Wall GmbH,Berliner Toilette mit 2 Plätzen,WC,24h,0.5,Karte/App/Paypal/BVG-Guthabenkarte,ja,ja,nein
277,Marzahn-Hellersdorf,Boulevard Kastanienallee vor Stollberger Str. 49-51,Toilettenvertrag mit Wall,Wall GmbH,Berliner Toilette mit 1 Platz,WC,24h,0.5,Karte/App/Paypal/BVG-Guthabenkarte,ja,ja,nein
278,Charlottenburg-Wilmersdorf,"Savignyplatz 1 Mittelinsel vor ggü. Grolmanstr., Savignyplatz 1 Mittelinsel vor ggü. Grolmanstr",Toilettenvertrag mit Wall,Wall GmbH,Berliner Toilette mit 1 Platz,WC,24h,0.5,Karte/App/Paypal/BVG-Guthabenkarte,ja,ja,nein
281,Treptow-Köpenick,"S-Bhf. Treptower Park, Stern- und Kreisschifffahrt, Puschkinallee 15",Toilettenvertrag mit Wall,Wall GmbH,automatisches WC,WC,24h,0.0,-,nein,nein,nein
290,Charlottenburg-Wilmersdorf,Mierendorffplatz Mittelinsel hinter Osnabrücker Str.,Toilettenvertrag mit Wall,Wall GmbH,gemauert,WC,April-Sept. 07:00 -22:00  Okt. - März 08:00-20:00,0.0,-,nein,nein,nein
300,Tempelhof-Schöneberg,"U-Bhf. Bayerischer Platz, Stübbenstr. vor Grunewaldstr. 49",Toilettenvertrag mit Wall,Wall GmbH,Berliner Toilette 1 Platz mit 2 Pissoirs,WC,24h,0.0,-,ja,ja,ja
307,Tempelhof-Schöneberg,"Marienhöhe, Röblingstr. 161 hinter Attilastr.",Toilettenvertrag mit Wall,Wall GmbH,Berliner Toilette mit 1 Platz,WC,24h,0.5,Karte/App/Paypal/BVG-Guthabenkarte,ja,ja,ja
313,Steglitz-Zehlendorf,"U-Bhf. Oskar-Helene-Heim, Argentinische Allee hinter 253 vor Clayallee",Toilettenvertrag mit Wall,Wall GmbH,Berliner Toilette 1 Platz mit 2 Pissoirs,WC,24h,0.0,-,ja,ja,nein
316,Steglitz-Zehlendorf,"Gemeinde-Park Lankwitz, Mühlenstr. ggü. 65 vor ggü. Boraweg",Toilettenvertrag mit Wall,Wall GmbH,Berliner Toilette 1 Platz mit 2 Pissoirs,WC,24h,0.0,-,ja,ja,ja
333,Treptow-Köpenick,Weiskopffstr. ggü. 12 hinter An der Wuhlheide (Haupteingang Wuhlheide),Toilettenvertrag mit Wall,Wall GmbH,Berliner Toilette mit 1 Platz,WC,24h,0.5,Karte/App/Paypal/BVG-Guthabenkarte,ja,ja,ja
346,Friedrichshain-Kreuzberg,"U-Bhf. Südstern, Südstern hinter Körtestraße 38",Toilettenvertrag mit Wall,Wall GmbH,Berliner Toilette 1 Platz mit 2 Pissoirs,WC,24h,0.0,-,ja,ja,nein
359,Reinickendorf,"Freizeitpark Tegel an der Malche, Campestr. hinter 11",Toilettenvertrag mit Wall,Wall GmbH,Berliner Toilette mit 2 Plätzen,WC,24h,0.5,Karte/App/Paypal/BVG-Guthabenkarte,ja,ja,ja
384,Lichtenberg,"Prerower Platz, Zingster Str. ggü. 5",Toilettenvertrag mit Wall,Wall GmbH,Berliner Toilette mit 1 Platz,WC,24h,0.5,Karte/App/Paypal/BVG-Guthabenkarte,ja,ja,ja
385,Lichtenberg,Vincent-van-Gogh-Str. 20 hinter Welsestr.,Toilettenvertrag mit Wall,Wall GmbH,Berliner Toilette mit 1 Platz,WC,24h,0.5,Karte/App/Paypal/BVG-Guthabenkarte,ja,ja,ja
387,Lichtenberg,"S-Bhf. Storkower Str., Storkower Straße 207 a vor Zugang S-Bhf.",Toilettenvertrag mit Wall,Wall GmbH,Berliner Toilette mit 2 Plätzen,WC,24h,0.5,Karte/App/Paypal/BVG-Guthabenkarte,ja,ja,ja
388,Lichtenberg,Hauptstr. ggü. 44 A vor Rhinstr.,Toilettenvertrag mit Wall,Wall GmbH,Berliner Toilette 1 Platz mit 2 Pissoirs,WC,24h,0.0,-,ja,ja,ja
405,Lichtenberg,"U-Bhf. Tierpark, Am Tierpark 72 hinter Otto-Schmirgal-Str.",Toilettenvertrag mit Wall,Wall GmbH,Berliner Toilette mit 1 Platz,WC,24h,0.5,Karte/App/Paypal/BVG-Guthabenkarte,ja,ja,ja
410,Treptow-Köpenick,Marktplatz Adlershof ,Toilettenvertrag mit Wall,-,Berliner Toilette mit 1 Platz,WC,24h,0.5,Karte/App/Paypal/BVG-Guthabenkarte,ja,ja,nein
668,Friedrichshain-Kreuzberg,"Petersburger Platz, Straßmannstr. ggü. 21 vor Petersburger Str.",Toilettenvertrag mit Wall,Wall GmbH,Berliner Toilette 1 Platz mit 2 Pissoirs,WC,24h,0.0,-,ja,ja,ja
671,Friedrichshain-Kreuzberg,Simplonstr. ggü. Lenbachstr. (ggü. Annemirl-Bauer-Platz),Toilettenvertrag mit Wall,Wall GmbH,Berliner Toilette 1 Platz mit 2 Pissoirs,WC,24h,0.0,-,ja,ja,ja
674,Friedrichshain-Kreuzberg,"Weberwiese, Marchlewskistr. ggü. 16 vor Hildegard-Jadamowitz-Str.",Toilettenvertrag mit Wall,Wall GmbH,Berliner Toilette 1 Platz mit 2 Pissoirs,WC,24h,0.0,-,ja,ja,nein
679,Friedrichshain-Kreuzberg,"Viktoriapark, Kreuzbergstr. ggü. 31 hinter Katzbachstr.",Toilettenvertrag mit Wall,Wall GmbH,Berliner Toilette 1 Platz mit 2 Pissoirs,WC,24h,0.0,-,ja,ja,ja
681,Friedrichshain-Kreuzberg,"Mendelssohn-Bartholdy-Park, Schöneberger Str. ggü. 21A-22 hinter Hafenplatz",Toilettenvertrag mit Wall,Wall GmbH,Berliner Toilette 1 Platz mit 2 Pissoirs,WC,24h,0.0,-,ja,ja,ja
684,Friedrichshain-Kreuzberg,"Besselpark, Besselstr. hinter Friedrichstr.",Toilettenvertrag mit Wall,Wall GmbH,Berliner Toilette 1 Platz mit 2 Pissoirs,WC,24h,0.0,-,ja,ja,ja
685,Friedrichshain-Kreuzberg,"Waldeckpark, Alte Jakobstr. ggü. 110 hinter Oranienstr.",Toilettenvertrag mit Wall,Wall GmbH,Berliner Toilette 1 Platz mit 2 Pissoirs,WC,24h,0.0,-,ja,ja,ja
686,Friedrichshain-Kreuzberg,Oranienplatz ggü. 1,Toilettenvertrag mit Wall,Wall GmbH,Berliner Toilette 1 Platz mit 2 Pissoirs,WC,24h,0.0,-,ja,ja,ja
687,Friedrichshain-Kreuzberg,"Böcklerpark, Prinzenstr. 1 hinter Carl-Herz-Ufer/Baerwaldbrücke (Op1-3)",Toilettenvertrag mit Wall,Wall GmbH,Berliner Toilette 1 Platz mit 2 Pissoirs,WC,24h,0.0,-,ja,ja,nein
688,Friedrichshain-Kreuzberg,"U-Bhf. Schlesisches Tor, Oberbaumstr. Vor 11 hinter Schlesische Str.",Toilettenvertrag mit Wall,Wall GmbH,Berliner Toilette 2 Plätze mit 2 Pissoirs,WC,24h,0.0,-,ja,ja,nein
690,Friedrichshain-Kreuzberg,"Hohenstaufenplatz, Boppstr. ggü. 4",Toilettenvertrag mit Wall,Wall GmbH,Berliner Toilette 1 Platz mit 2 Pissoirs,WC,24h,0.0,-,ja,ja,ja
692,Tempelhof-Schöneberg,"Dennewitzplatz, Dennewitzstr. ggü. 22 vor Bülowstr.",Toilettenvertrag mit Wall,Wall GmbH,Berliner Toilette 1 Platz mit 2 Pissoirs,WC,24h,0.0,-,ja,ja,ja
695,Friedrichshain-Kreuzberg,Warschauer Str. hinter 47-48 vor Mühlenstr.,Toilettenvertrag mit Wall,Wall GmbH,Berliner Toilette 1 Platz mit 2 Pissoirs,WC,24h,0.0,-,ja,ja,nein
696,Friedrichshain-Kreuzberg,Falckensteinstr. hinter 38 vor Schlesische Str.,Toilettenvertrag mit Wall,Wall GmbH,Berliner Toilette 1 Platz mit 2 Pissoirs,WC,08:00 Uhr - 20:00 Uhr,0.0,-,ja,ja,nein
700,Friedrichshain-Kreuzberg,"Grünanlage, Waterloo hinter ggü. Hallesche-Tor-Brücke ",Toilettenvertrag mit Wall,Wall GmbH,Berliner Toilette mit 2 Plätzen,WC,24h,0.5,Karte/App/Paypal/BVG-Guthabenkarte,ja,ja,nein
704,Neukölln,"S-Bhf. Hermannstr., Siegfriedstr. ggü. 23 hinter Hermannstr.",Toilettenvertrag mit Wall,Wall GmbH,Berliner Toilette 1 Platz mit 2 Pissoirs,WC,24h,0.0,-,ja,ja,nein
705,Neukölln,Volkspark Hasenheide über Zufahrt Columbiadamm 160,Toilettenvertrag mit Wall,Wall GmbH,Berliner Toilette 1 Platz mit 2 Pissoirs,WC,24h,0.0,-,ja,ja,ja
715,Tempelhof-Schöneberg,Holzmannstr. ggü. 23 vor Rohrbeckstr.,Toilettenvertrag mit Wall,Wall GmbH,Berliner Toilette 1 Platz mit 2 Pissoirs,WC,24h,0.0,-,ja,ja,ja
716,Tempelhof-Schöneberg,"Friedhof Eythstr., Eythst. 1-25 ggü. Bessemerstr.",Toilettenvertrag mit Wall,Wall GmbH,Berliner Toilette mit 1 Platz,WC,24h,0.5,Karte/App/Paypal/BVG-Guthabenkarte,ja,ja,nein
717,Tempelhof-Schöneberg,"Am Heidefriedhof, Reißeckstr. 14",Toilettenvertrag mit Wall,Wall GmbH,Berliner Toilette mit 1 Platz,WC,24h,0.5,Karte/App/Paypal/BVG-Guthabenkarte,ja,ja,nein
719,Marzahn-Hellersdorf,"S-Bhf. Mahlsdorf, Hönower Str. ggü. 79 hinter ggü. Treskowstr.",Toilettenvertrag mit Wall,Wall GmbH,Berliner Toilette 1 Platz mit 2 Pissoirs,WC,24h,0.0,-,ja,ja,ja
729,Lichtenberg,"Rheinsteinpark, Königswinterstr. ggü. 7 vor Rheinsteinstr.",Toilettenvertrag mit Wall,Wall GmbH,Berliner Toilette mit 1 Platz,WC,24h,0.5,Karte/App/Paypal/BVG-Guthabenkarte,ja,ja,ja
734,Lichtenberg,"S-Bhf. Friedrichsfelde-Ost, Seddiner Str. 22",Toilettenvertrag mit Wall,Wall GmbH,Berliner Toilette mit 1 Platz,WC,24h,0.5,Karte/App/Paypal/BVG-Guthabenkarte,ja,ja,ja
738,Spandau,Lindenufer ggü. 10,Toilettenvertrag mit Wall,Wall GmbH,Berliner Toilette mit 1 Platz,WC,24h,0.5,Karte/App/Paypal/BVG-Guthabenkarte,ja,ja,ja
741,Tempelhof-Schöneberg,Barnetstr. ggü. 54 vor Ekensunder Weg,Toilettenvertrag mit Wall,Wall GmbH,Berliner Toilette 1 Platz mit 2 Pissoirs,WC,24h,0.0,-,ja,ja,ja
742,Tempelhof-Schöneberg,Büsingstr. ggü. 2 vor Bornstr. (Spielplatz),Toilettenvertrag mit Wall,Wall GmbH,Berliner Toilette mit 1 Platz,WC,24h,0.5,Karte/App/Paypal/BVG-Guthabenkarte,ja,ja,ja
743,Tempelhof-Schöneberg,"Wartburgplatz, Martin-Luther-Str. vor Apostel-Paulus-Str.",Toilettenvertrag mit Wall,Wall GmbH,Berliner Toilette 1 Platz mit 2 Pissoirs,WC,24h,0.0,-,ja,ja,ja
744,Tempelhof-Schöneberg,Motzstr. ggü. 41 vor Geisbergstr. 1-2,Toilettenvertrag mit Wall,Wall GmbH,Berliner Toilette 1 Platz mit 2 Pissoirs,WC,24h,0.0,-,ja,ja,ja
745,Mitte,"Hansaplatz, Altonaer Str. ggü. 20-22 neben Kirche",Toilettenvertrag mit Wall,Wall GmbH,Berliner Toilette 1 Platz mit 2 Pissoirs,WC,24h,0.0,-,ja,ja,nein
747,Mitte,"Weinbergspark, Veteranenstr. ggü. 22",Toilettenvertrag mit Wall,Wall GmbH,Berliner Toilette 1 Platz mit 2 Pissoirs,WC,24h,0.0,-,ja,ja,nein
748,Mitte,Heinrich-Heine-Str. 16 vor Annenstr.,Toilettenvertrag mit Wall,Wall GmbH,Berliner Toilette mit 1 Platz,WC,24h,0.5,Karte/App/Paypal/BVG-Guthabenkarte,ja,ja,nein
751,Charlottenburg-Wilmersdorf,"S-Bhf. Jungfernheide, Lambertstr. ggü. Gallesteig",Toilettenvertrag mit Wall,Wall GmbH,Berliner Toilette 1 Platz mit 2 Pissoirs,WC,24h,0.0,-,ja,ja,nein
758,Mitte,"Spittelmarkt, Niederwallstr. vor Leipziger Str. 54",Toilettenvertrag mit Wall,Wall GmbH,Berliner Toilette mit 1 Platz,WC,24h,0.5,Karte/App/Paypal/BVG-Guthabenkarte,ja,ja,nein
762,Mitte,"U-Bhf. Osloer Str., Osloer Str. hinter Schwedenstr.",Toilettenvertrag mit Wall,Wall GmbH,Berliner Toilette 1 Platz mit 2 Pissoirs,WC,24h,0.0,-,ja,ja,nein
765,Mitte,Ostender Str. ggü. 12 hinter ggü. Antwerpener Str.,Toilettenvertrag mit Wall,Wall GmbH,Berliner Toilette 1 Platz mit 2 Pissoirs,WC,24h,0.0,-,ja,ja,ja
790,Mitte,Dubliner Str. vor Bristolstr. (Plansche Schillerpark),Toilettenvertrag mit Wall,Wall GmbH,Berliner Toilette mit 2 Plätzen,WC,24h,0.5,Karte/App/Paypal/BVG-Guthabenkarte,ja,ja,ja
794,Treptow-Köpenick,"S-Bhf. Spindlersfeld, Ottomar-Geschke-Str. ggü. 49 vor Ernst-Grube-Str.",Toilettenvertrag mit Wall,Wall GmbH,Berliner Toilette mit 1 Platz,WC,24h,0.5,Karte/App/Paypal/BVG-Guthabenkarte,ja,ja,nein
795,Treptow-Köpenick,Freiheit 1 hinter Alt-Köpenick / Kirchstr.,Toilettenvertrag mit Wall,Wall GmbH,Berliner Toilette 1 Platz mit 2 Pissoirs,WC,24h,0.0,-,ja,ja,ja
796,Reinickendorf,"Letteplatz, Letteallee ggü. 46 vor ggü. Kühleweinstr.",Toilettenvertrag mit Wall,Wall GmbH,Berliner Toilette mit 1 Platz,WC,24h,0.5,Karte/App/Paypal/BVG-Guthabenkarte,ja,ja,ja
797,Reinickendorf,Senftenberger Ring vor 99 (BMX-Park/Skater-Park MV),Toilettenvertrag mit Wall,Wall GmbH,Berliner Toilette mit 2 Plätzen,WC,24h,0.5,Karte/App/Paypal/BVG-Guthabenkarte,ja,ja,nein
798,Reinickendorf,"Steinbergpark, Waidmannsluster Damm ggü. 85",Toilettenvertrag mit Wall,Wall GmbH,Berliner Toilette mit 1 Platz,WC,24h,0.5,Karte/App/Paypal/BVG-Guthabenkarte,ja,ja,nein
801,Reinickendorf,"Freizeitpark Lübars, Spielplatz Alte Fasanerie/Freizeitpark Lübars",Toilettenvertrag mit Wall,Wall GmbH,Berliner Toilette mit 1 Platz,WC,24h,0.5,Karte/App/Paypal/BVG-Guthabenkarte,ja,ja,ja
802,Spandau,Alt-Gatow hinter 65 (Parkplatz),Toilettenvertrag mit Wall,Wall GmbH,Berliner Toilette 1 Platz mit 2 Pissoirs,WC,24h,0.0,-,ja,ja,ja
804,Friedrichshain-Kreuzberg,Hallesches Ufer hinter Gitschiner Str./Mehringplatz ,Toilettenvertrag mit Wall,Wall GmbH,Berliner Toilette 1 Platz mit 2 Pissoirs,WC,24h,0.0,-,ja,ja,nein
806,Pankow,"Am Weißen See, Parkstr. ggü. 80 hinter ggü. Blechenstr.",Toilettenvertrag mit Wall,Wall GmbH,Berliner Toilette 1 Platz mit 2 Pissoirs,WC,24h,0.0,-,ja,ja,ja
807,Friedrichshain-Kreuzberg,"Rudolfplatz, Modersohnstr. ggü. 53-55 hinter Rudolfstr.",Toilettenvertrag mit Wall,Wall GmbH,Berliner Toilette 1 Platz mit 2 Pissoirs,WC,24h,0.0,-,ja,ja,nein
808,Neukölln,Fulhamer Allee ggü. 34,Toilettenvertrag mit Wall,Wall GmbH,Berliner Toilette 1 Platz mit 2 Pissoirs,WC,24h,0.0,-,ja,ja,nein
809,Lichtenberg,Zingster Str. hinter Ribnitzer Str. 17,Toilettenvertrag mit Wall,Wall GmbH,Berliner Toilette mit 1 Platz,WC,24h,0.5,Karte/App/Paypal/BVG-Guthabenkarte,ja,ja,ja
847,Steglitz-Zehlendorf,"Wannsee , Rönnebypromenade vor Anlegestelle Wannsee (hi. Kronprinzessinenweg)",Toilettenvertrag mit Wall,Wall GmbH,gemauert,WC,April-Sept. 07:00 -22:00  Okt. - März 08:00-20:00,0.0,-,nein,nein,nein
859,Friedrichshain-Kreuzberg,"Wendenpark, Alt-Stralau, Tunnelstr. ggü. 48-48C hinter Alt-Stralau",Toilettenvertrag mit Wall,Wall GmbH,gemauert,WC,24h,0.0,-,nein,nein,nein
863,Treptow-Köpenick,"Treptower Park, Weltspielplatz/Alt-Treptow hinter Bulgarische Str.",Toilettenvertrag mit Wall,Wall GmbH,automatisches WC,WC,24h,0.0,-,nein,nein,nein
868,Pankow,Hubertusdamm ggü. 7 (Parkplatz Bhf. Karow),Toilettenvertrag mit Wall,Wall GmbH,Berliner Toilette 1 Platz mit 2 Pissoirs,WC,24h,0.0,-,ja,ja,ja
872,Charlottenburg-Wilmersdorf,"Olympiastadion, Jesse–Owens–Allee ggü Allee vor ggü. 2 ggü. Eingang Reithalle/Tunnelweg",Toilettenvertrag mit Wall,Wall GmbH,Berliner Toilette mit 2 Plätzen,WC,24h,0.5,Karte/App/Paypal/BVG-Guthabenkarte,ja,ja,nein
876,Friedrichshain-Kreuzberg,"Alt-Stralau, Tunnelstr. hinter 12, Alt-St",Toilettenvertrag mit Wall,Wall GmbH,Berliner Toilette 1 Platz mit 2 Pissoirs,WC,24h,0.0,-,ja,ja,ja
877,Friedrichshain-Kreuzberg,"Görlitzer Park, Zugang Skalitzer Str. vor Görlitzer Str.",Toilettenvertrag mit Wall,Wall GmbH,Berliner Toilette 2 Plätze mit 2 Pissoirs,WC,08:00 Uhr - 20:00 Uhr,0.0,-,ja,ja,nein
878,Friedrichshain-Kreuzberg,"Görlitzer Park, Zugang ggü. Görlitzer Str. 56",Toilettenvertrag mit Wall,Wall GmbH,Berliner Toilette 2 Plätze mit 2 Pissoirs,WC,08:00 Uhr - 20:00 Uhr,0.0,-,ja,ja,ja
880,Mitte,"Park am Weinbergsweg, Weinbergsweg vor ggü. Zehdenicker Str.",Toilettenvertrag mit Wall,Wall GmbH,Berliner Toilette 1 Platz mit 2 Pissoirs,WC,24h,0.0,-,ja,ja,ja
882,Neukölln,Weichselstr. ggü. 34 vor Maybachufer,Toilettenvertrag mit Wall,Wall GmbH,Berliner Toilette 1 Platz mit 2 Pissoirs,WC,24h,0.0,-,ja,ja,ja
883,Pankow,"Bürgerpark Pankow, Leonhard-Frank-Str. ggü. 1 hinter Am Bürgerpark",Toilettenvertrag mit Wall,Wall GmbH,Berliner Toilette 1 Platz mit 2 Pissoirs,WC,24h,0.0,-,ja,ja,ja
884,Reinickendorf,"Klixarena, Zobeltitzstr. ggü. 93 hinter Klixstr.",Toilettenvertrag mit Wall,Wall GmbH,Berliner Toilette mit 1 Platz,WC,24h,0.5,Karte/App/Paypal/BVG-Guthabenkarte,ja,ja,ja
885,Reinickendorf,"Franz-Neumann-Platz, Pankower Allee ggü. 1 hinter Markstr.",Toilettenvertrag mit Wall,Wall GmbH,Berliner Toilette mit 1 Platz,WC,24h,0.5,Karte/App/Paypal/BVG-Guthabenkarte,ja,ja,ja
888,Spandau,Herrstraße vor 229,Toilettenvertrag mit Wall,Wall GmbH,Berliner Toilette mit 1 Platz,WC,24h,0.5,Karte/App/Paypal/BVG-Guthabenkarte,ja,ja,ja
889,Steglitz-Zehlendorf,"U-Bhf. Onkel-Toms-Hütte, Onkel-Tom-Str. 95 hinter Wilskistr. 51 D",Toilettenvertrag mit Wall,Wall GmbH,Berliner Toilette mit 1 Platz,WC,24h,0.5,Karte/App/Paypal/BVG-Guthabenkarte,ja,ja,ja
890,Steglitz-Zehlendorf,"S-Bhf. Schlachtensee, Am Schlachtensee hinter ggü. Breisgauer Str.",Toilettenvertrag mit Wall,Wall GmbH,Berliner Toilette 2 Plätze mit 2 Pissoirs,WC,24h,0.0,-,ja,ja,nein
892,Tempelhof-Schöneberg,Dominicusstr. 16-18 hinter Fritz-Elsas-Str./Koburger Str.,Toilettenvertrag mit Wall,Wall GmbH,Berliner Toilette 1 Platz mit 2 Pissoirs,WC,24h,0.0,-,ja,ja,nein
893,Lichtenberg,Egon-Erwin-Kisch-Str. vor 106 hinter ggü. Grevesmühlener Str.,Toilettenvertrag mit Wall,Wall GmbH,Berliner Toilette mit 1 Platz,WC,24h,0.5,Karte/App/Paypal/BVG-Guthabenkarte,ja,ja,ja
897,Friedrichshain-Kreuzberg,Mariannenplatz 2-3,Toilettenvertrag mit Wall,Wall GmbH,Berliner Toilette 1 Platz mit 2 Pissoirs,WC,24h,0.0,-,ja,ja,ja
904,Charlottenburg-Wilmersdorf,Berkaer Str. vor 1 hinter Breite Str.,Toilettenvertrag mit Wall,Wall GmbH,Berliner Toilette mit 1 Platz,WC,24h,0.5,Karte/App/Paypal/BVG-Guthabenkarte,ja,ja,ja
905,Friedrichshain-Kreuzberg,Paul-Lincke-Ufer ggü. 16 hinter ggü. Forster Str. (neben Bouleplatz),Toilettenvertrag mit Wall,Wall GmbH,Berliner Toilette 2 Plätze mit 2 Pissoirs,WC,24h,0.0,-,ja,ja,nein
906,Steglitz-Zehlendorf,Sundgauer Str. 109 Parkplatz,Toilettenvertrag mit Wall,Wall GmbH,Berliner Toilette mit 1 Platz,WC,24h,0.5,Karte/App/Paypal/BVG-Guthabenkarte,ja,ja,nein
907,Neukölln,"Böhmischer Platz, Böhmische Str. ggü. 45 vor Schudomastr.",Toilettenvertrag mit Wall,Wall GmbH,Berliner Toilette mit 1 Platz,WC,24h,0.5,Karte/App/Paypal/BVG-Guthabenkarte,ja,ja,nein
909,Lichtenberg,"Sportforum,Weißenseer Weg vor 53",Toilettenvertrag mit Wall,Wall GmbH,Berliner Toilette 1 Platz mit 2 Pissoirs,WC,24h,0.0,-,ja,ja,nein
910,Marzahn-Hellersdorf,Gothaer Str. 37 hinter Eisenacher Str.,Toilettenvertrag mit Wall,Wall GmbH,Berliner Toilette mit 1 Platz,WC,24h,0.5,Karte/App/Paypal/BVG-Guthabenkarte,ja,ja,nein
911,Marzahn-Hellersdorf,"Kienbergpark, Hellersdorfer Str. 159 neben Seilbahn-Station",Toilettenvertrag mit Wall,Wall GmbH,Berliner Toilette 2 Plätze mit 2 Pissoirs,WC,24h,0.0,-,ja,ja,ja
912,Marzahn-Hellersdorf,Schönagelstr. vor Oppermannstr./Stangeweg 49,Toilettenvertrag mit Wall,Wall GmbH,Berliner Toilette mit 1 Platz,WC,24h,0.5,Karte/App/Paypal/BVG-Guthabenkarte,ja,ja,nein
913,Marzahn-Hellersdorf,An der Wuhle ggü. 56 vor Ulmenstr.,Toilettenvertrag mit Wall,Wall GmbH,Berliner Toilette 1 Platz mit 2 Pissoirs,WC,24h,0.0,-,ja,ja,ja
914,Treptow-Köpenick,"S-Bhf. Plänterwald, Bahnhofsvorplatz hinter Erich-Lodemann-Str. 1",Toilettenvertrag mit Wall,Wall GmbH,Berliner Toilette 1 Platz mit 2 Pissoirs,WC,24h,0.0,-,ja,ja,ja
916,Neukölln,An der Werderlake hinter Glashütter Weg 22,Toilettenvertrag mit Wall,Wall GmbH,Berliner Toilette mit 1 Platz,WC,24h,0.5,Karte/App/Paypal/BVG-Guthabenkarte,ja,ja,nein
917,Tempelhof-Schöneberg,"Winterfeldtplatz, Gleditschstr. vor 5",Toilettenvertrag mit Wall,Wall GmbH,Berliner Toilette 1 Platz mit 2 Pissoirs,WC,24h,0.0,-,ja,ja,ja
918,Friedrichshain-Kreuzberg,"Lohmühleninsel, Lohmühlenstr. vor Vor dem Schlesischen Tor",Toilettenvertrag mit Wall,Wall GmbH,Berliner Toilette 1 Platz mit 2 Pissoirs,WC,24h,0.0,-,ja,ja,ja
920,Charlottenburg-Wilmersdorf,Stuttgarter Platz ggü. 15 hinter Windscheidstr.,Toilettenvertrag mit Wall,Wall GmbH,Berliner Toilette 1 Platz mit 2 Pissoirs,WC,24h,0.0,-,ja,ja,nein
921,Mitte,Afrikanische Str. ggü. 92 vor ggü. Otawistr.,Toilettenvertrag mit Wall,Wall GmbH,Berliner Toilette 1 Platz mit 2 Pissoirs,WC,24h,0.0,-,ja,ja,ja
922,Charlottenburg-Wilmersdorf,"Lietzenseepark, Kaiserdamm ggü. 8 vor Witzlebenplatz",Toilettenvertrag mit Wall,Wall GmbH,Berliner Toilette mit 1 Platz,WC,24h,0.5,Karte/App/Paypal/BVG-Guthabenkarte,ja,ja,ja
923,Treptow-Köpenick,Hermann-Dorner-Allee hinter ggü. Barbara-McClintock-Straße (Landschaftspark Johannisthal/Adlershof),Toilettenvertrag mit Wall,Wall GmbH,Berliner Toilette mit 1 Platz,WC,24h,0.5,Karte/App/Paypal/BVG-Guthabenkarte,ja,ja,nein
924,Neukölln,Alt-Buckow 25 vor Landschöppenpfad,Toilettenvertrag mit Wall,Wall GmbH,Berliner Toilette mit 1 Platz,WC,24h,0.5,Karte/App/Paypal/BVG-Guthabenkarte,ja,ja,nein
925,Mitte,"Sellerpark, Sellerstr. ggü. 15",Toilettenvertrag mit Wall,Wall GmbH,Berliner Toilette 1 Platz mit 2 Pissoirs,WC,24h,0.0,-,ja,ja,ja
926,Friedrichshain-Kreuzberg,"Admiralbrücke, Planufer ggü. Grimmstr./Böckhstr.",Toilettenvertrag mit Wall,Wall GmbH,Berliner Toilette 1 Platz mit 2 Pissoirs,WC,24h,0.0,-,ja,ja,nein
927,Spandau,Gärtnereiring ggü. 54 hinter ggü. Pfarrer-Theile-Str. 131,Toilettenvertrag mit Wall,Wall GmbH,Berliner Toilette mit 1 Platz,WC,24h,0.5,Karte/App/Paypal/BVG-Guthabenkarte,ja,ja,ja
928,Spandau,Niederneuendorfer Allee 11 vor Werderstr.,Toilettenvertrag mit Wall,Wall GmbH,Berliner Toilette mit 1 Platz,WC,24h,0.5,Karte/App/Paypal/BVG-Guthabenkarte,ja,ja,ja
930,Lichtenberg,Rummelsburger Str. vor Eggersdorfer Str.,Toilettenvertrag mit Wall,Wall GmbH,Berliner Toilette mit 1 Platz,WC,24h,0.5,Karte/App/Paypal/BVG-Guthabenkarte,ja,ja,ja
931,Lichtenberg,Roederplatz vor Weißenseer Weg 1,Toilettenvertrag mit Wall,Wall GmbH,Berliner Toilette mit 1 Platz,WC,24h,0.5,Karte/App/Paypal/BVG-Guthabenkarte,ja,ja,ja
933,Mitte,Soldiner Str. 77 hinter ggü. Stockholmer Str.,Toilettenvertrag mit Wall,Wall GmbH,Berliner Toilette 1 Platz mit 2 Pissoirs,WC,24h,0.0,-,ja,ja,ja
934,Friedrichshain-Kreuzberg,"Schleidenplatz, Waldeyerstr. ggü. 5 vor Pettenkoferstr.",Toilettenvertrag mit Wall,Wall GmbH,Berliner Toilette 1 Platz mit 2 Pissoirs,WC,24h,0.0,-,ja,ja,ja
936,Marzahn-Hellersdorf,Köpenicker Str. 259 A hinter Hadubrandstr.,Toilettenvertrag mit Wall,Wall GmbH,Berliner Toilette mit 1 Platz,WC,24h,0.5,Karte/App/Paypal/BVG-Guthabenkarte,ja,ja,nein
937,Reinickendorf,"Dianaplatz, Dianastr. hinter 59 a",Toilettenvertrag mit Wall,Wall GmbH,Berliner Toilette mit 1 Platz,WC,24h,0.5,Karte/App/Paypal/BVG-Guthabenkarte,ja,ja,ja
938,Mitte,"Nettelbeckplatz, Gerichtstr. 31 vor Pasewalker Str.",Toilettenvertrag mit Wall,Wall GmbH,Berliner Toilette 1 Platz mit 2 Pissoirs,WC,24h,0.0,-,ja,ja,ja
939,Reinickendorf,"Schäfersee, Am Schäfersee vor Vierwaldstätter Weg 17",Toilettenvertrag mit Wall,Wall GmbH,Berliner Toilette mit 2 Plätzen,WC,24h,0.5,Karte/App/Paypal/BVG-Guthabenkarte,ja,ja,nein
940,Lichtenberg,Warnitzer Str. 6,Toilettenvertrag mit Wall,Wall GmbH,Berliner Toilette mit 1 Platz,WC,24h,0.5,Karte/App/Paypal/BVG-Guthabenkarte,ja,ja,ja
941,Mitte,Swinemünder Str. 34 hinter Vinetaplatz,Toilettenvertrag mit Wall,Wall GmbH,Berliner Toilette mit 1 Platz,WC,24h,0.5,Karte/App/Paypal/BVG-Guthabenkarte,ja,ja,ja
943,Lichtenberg,Waldowstr. ggü. 31 vor Oberseestr.,Toilettenvertrag mit Wall,Wall GmbH,Berliner Toilette mit 1 Platz,WC,24h,0.5,Karte/App/Paypal/BVG-Guthabenkarte,ja,ja,ja
944,Tempelhof-Schöneberg,"Max.-Kraft-Platz, Katzlerstr. ggü. 20 hinter Yorckstr.",Toilettenvertrag mit Wall,Wall GmbH,Berliner Toilette 1 Platz mit 2 Pissoirs,WC,24h,0.0,-,ja,ja,ja
945,Reinickendorf,"Dr.-Ilse-Kassel-Platz, Schloßstr. ggü. 5 hinter Auguste-Viktoria-Str.",Toilettenvertrag mit Wall,Wall GmbH,Berliner Toilette mit 1 Platz,WC,24h,0.5,Karte/App/Paypal/BVG-Guthabenkarte,ja,ja,ja
946,Charlottenburg-Wilmersdorf,"U-Bhf. Spichernstr., Meierottostr. ggü. 8 hinter Bundesallee ",Toilettenvertrag mit Wall,Wall GmbH,Berliner Toilette mit 1 Platz,WC,24h,0.5,Karte/App/Paypal/BVG-Guthabenkarte,ja,ja,nein
948,Mitte,Grüntaler Str. 41 Mittelinsel vor ggü. Soldiner Str.,Toilettenvertrag mit Wall,Wall GmbH,Berliner Toilette 1 Platz mit 2 Pissoirs,WC,24h,0.0,-,ja,ja,ja
949,Lichtenberg,Dolgenseestr. ggü. 9 E vor Hönower Weg,Toilettenvertrag mit Wall,Wall GmbH,Berliner Toilette mit 1 Platz,WC,24h,0.5,Karte/App/Paypal/BVG-Guthabenkarte,ja,ja,ja
950,Reinickendorf,Alt-Lübars 19 B Mittelinsel,Toilettenvertrag mit Wall,Wall GmbH,Berliner Toilette mit 1 Platz,WC,24h,0.5,Karte/App/Paypal/BVG-Guthabenkarte,ja,ja,ja
951,Lichtenberg,Konrad-Wolf-Str. ggü. 76 vor ggü. Sandinostr.,Toilettenvertrag mit Wall,Wall GmbH,Berliner Toilette 2 Plätze mit 2 Pissoirs,WC,24h,0.0,-,ja,ja,nein
952,Lichtenberg,Emma-Ihrer-Str. hinter ggü. 39 hinter Hauptstr. 6T,Toilettenvertrag mit Wall,Wall GmbH,Berliner Toilette mit 1 Platz,WC,24h,0.5,Karte/App/Paypal/BVG-Guthabenkarte,ja,ja,ja
953,Spandau,Schützenstr. hinter 10 vor Neuendorfer Str.,Toilettenvertrag mit Wall,Wall GmbH,Berliner Toilette mit 1 Platz,WC,24h,0.5,Karte/App/Paypal/BVG-Guthabenkarte,ja,ja,nein
954,Reinickendorf,"Kienhorstpark, Ollenhauerstr. 64-65 ggü. Reinickes Hof",Toilettenvertrag mit Wall,Wall GmbH,Berliner Toilette mit 1 Platz,WC,24h,0.5,Karte/App/Paypal/BVG-Guthabenkarte,ja,ja,ja
171,Charlottenburg-Wilmersdorf,"Olympiastadion, Gutsmuthsweg vor Olympischer Platz",Toilettenvertrag mit Wall,Wall GmbH,gemauert,WC (bei Veranstaltungen),bei Veranstaltungen    ,0.0,-,nein,nein,nein
200,Charlottenburg-Wilmersdorf,"Olympiastadion, Jesse-Owens-Allee vor ggü. 2 ggü. Eingang Reithalle / Tunnelweg",Toilettenvertrag mit Wall,Wall GmbH,Pissoir,Pissoir,bei Veranstaltungen,0.0,-,nein,nein,nein
203,Charlottenburg-Wilmersdorf,"Olympiastadion, Passenheimer Str. hinter Glockenturmstr. 1 (Waldbühne/Maifeld)",Toilettenvertrag mit Wall,Wall GmbH,gemauert,WC (bei Veranstaltungen) ,bei Veranstaltungen,0.0,-,nein,nein,nein
211,Friedrichshain-Kreuzberg,Chamissoplatz 1 Mittelinsel vor Arndtstr.,Toilettenvertrag mit Wall,Wall GmbH,Café Achteck,Pissoir,24h,0.0,-,nein,nein,nein
223,Mitte,"Pekinger Platz , Nordufer vor Kiautschoustr.",Toilettenvertrag mit Wall,Wall GmbH,Café Achteck,Pissoir,24h,0.0,-,nein,nein,nein
224,Mitte,"Stephanplatz , Stephanstr. vor Havelberger Str.",Toilettenvertrag mit Wall,Wall GmbH,Café Achteck,Pissoir,24h,0.0,-,nein,nein,nein
226,Mitte,"Unionplatz , Siemensstr. vor Oldenburger Str.",Toilettenvertrag mit Wall,Wall GmbH,Café Achteck,Pissoir,24h,0.0,-,nein,nein,nein
229,Neukölln,Kirchhofstr. vor Karl-Marx-Str.,Toilettenvertrag mit Wall,Wall GmbH,Café Achteck,Pissoir,24h,0.0,-,nein,nein,nein
232,Pankow,"Senefelderplatz , Metzer Str. hinter Schönhauser Allee",Toilettenvertrag mit Wall,Wall GmbH,Café Achteck,Pissoir,24h,0.0,-,nein,nein,nein
257,Tempelhof-Schöneberg,Friedenstr. vor Mariendorfer Damm,Toilettenvertrag mit Wall,Wall GmbH,Café Achteck,Pissoir,24h,0.0,-,nein,nein,nein
258,Tempelhof-Schöneberg,"Leuthener Platz , Naumannstr. hinter Leuthener Str.",Toilettenvertrag mit Wall,Wall GmbH,Café Achteck,Pissoir,24h,0.0,-,nein,nein,nein
264,Reinickendorf,Berliner Str. 105-106 vor Schloßstr.,Toilettenvertrag mit Wall,Wall GmbH,Café Achteck,Pissoir,24h,0.0,-,nein,nein,nein
274,Charlottenburg-Wilmersdorf,"Olympiastadion, Trakehner Allee hinter ggü. 7 vor Coubertinplatz",Toilettenvertrag mit Wall,Wall GmbH,Pissoir,Pissoir,bei Veranstaltungen,0.0,-,nein,nein,nein
275,Charlottenburg-Wilmersdorf,"Olympiastadion, Olympischer vor Gutsmuthsweg (Eingang Hockey-Stadion)",Toilettenvertrag mit Wall,Wall GmbH,Pissoir,Pissoir,bei Veranstaltungen,0.0,-,nein,nein,nein
276,Charlottenburg-Wilmersdorf,"S-Bhf. Olympiastadion, Trakehner Allee vor ggü. 3 hinter Gutsmuthsweg",Toilettenvertrag mit Wall,Wall GmbH,Pissoir,Pissoir,bei Veranstaltungen,0.0,-,nein,nein,nein
873,Charlottenburg-Wilmersdorf,"U-Bhf. Olympiastadion, Rossiter Platz, ",Toilettenvertrag mit Wall,Wall GmbH,Pissoir,Pissoir,bei Veranstaltungen,0.0,-,nein,nein,nein
6001,Charlottenburg-Wilmersdorf,Bahnhof Zoologischer Garten,Privat betriebene öffentliche Toiletten,SANIFAIR,WC im Gebäude,WC,-,1.0,-,ja,ja,nein
6004,Charlottenburg-Wilmersdorf,Grunewald West,Privat betriebene öffentliche Toiletten,SANIFAIR,WC im Gebäude,WC,-,1.0,-,ja,ja,nein
6005,Charlottenburg-Wilmersdorf,Friedhof Heerstraße (an der Friedhofskapelle),Sonstige öffentliche Toiletten,Bezirk,Friedhof,WC,Frühling/Herbst (März/April und September/Oktober): 07:30-20:00 Uhr Sommer (Mai bis August ) 7:30-21:00 Uhr Winter (November bis Februar) 8:00-18:00 Uhr   ,0.0,-,nein,nein,nein
6006,Charlottenburg-Wilmersdorf,Friedhof Ruhleben (altes Verwaltungsgebäude),Sonstige öffentliche Toiletten,Bezirk,Friedhof,WC,Frühling/Herbst (März/April und September/Oktober): 07:30-20:00 Uhr Sommer (Mai bis August ) 7:30-21:00 Uhr Winter (November bis Februar) 8:00-18:00 Uhr   ,0.0,-,nein,nein,nein
6007,Charlottenburg-Wilmersdorf,Friedhof Heerstraße (Eingangsbereich Insterburgallee),Sonstige öffentliche Toiletten,Bezirk,Friedhof,WC,Frühling/Herbst (März/April und September/Oktober): 07:30-20:00 Uhr Sommer (Mai bis August ) 7:30-21:00 Uhr Winter (November bis Februar) 8:00-18:00 Uhr   ,0.0,-,nein,nein,nein
6009,Charlottenburg-Wilmersdorf,Friedhof Schmargendorf,Sonstige öffentliche Toiletten,Bezirk,Friedhof,WC,Montag bis Freitag 7:30-15:30    ,0.0,-,nein,nein,nein
6010,Charlottenburg-Wilmersdorf,Friedhof Wilmersdorf,Sonstige öffentliche Toiletten,Bezirk,Friedhof,WC,Frühling/Herbst (März/April und September/Oktober): 07:30-20:00 Uhr Sommer (Mai bis August ) 7:30-21:00 Uhr Winter (November bis Februar) 8:00-18:00 Uhr     ,0.0,-,ja,ja,nein
6011,Friedrichshain-Kreuzberg,Bahnhof Ostkreuz,Privat betriebene öffentliche Toiletten,SANIFAIR,WC im Gebäude,WC,-,1.0,Bargeld/Karte,ja,ja,nein
6012,Friedrichshain-Kreuzberg,Bahnhof Ostbahnhof,Privat betriebene öffentliche Toiletten,rail & fresh,WC im Gebäude,WC,-,1.0,-,ja,ja,nein
6013,Friedrichshain-Kreuzberg,"Park am Gleisdreieck, Westpark",Sonstige öffentliche Toiletten,Grün Berlin GmbH,Park oder autarke,WC,-,0.0,-,ja,ja,nein
6014,Friedrichshain-Kreuzberg,"Park am Gleisdreieck, Ostpark",Sonstige öffentliche Toiletten,Grün Berlin GmbH,Park oder autarke,WC,-,0.0,-,ja,ja,nein
6015,Mitte,Rotes Rathaus,Sonstige öffentliche Toiletten,Ströer GmbH,automatisches WC,WC,24h,0.0,-,nein,nein,nein
6017,Lichtenberg,Bahnhof Lichtenberg,Privat betriebene öffentliche Toiletten,rail & fresh,WC im Gebäude,WC,-,1.0,-,ja,ja,nein
6018,Marzahn-Hellersdorf,Kienbergpark,Sonstige öffentliche Toiletten,Grün Berlin GmbH,Park oder autarke,WC,-,0.0,-,ja,ja,nein
6019,Mitte,Bahnhof Gesundbrunnen,Privat betriebene öffentliche Toiletten,SANIFAIR,WC im Gebäude,WC,-,1.0,-,ja,ja,nein
6020,Mitte,Gesundbrunnencenter,Privat betriebene öffentliche Toiletten,SANIFAIR,WC im Gebäude,WC,-,1.0,-,ja,ja,nein
6021,Mitte,Bahnhof Potsdamer Platz,Privat betriebene öffentliche Toiletten,rail & fresh,WC im Gebäude,WC,-,1.0,-,ja,ja,nein
6022,Mitte,Bahnhof Hauptbahnhof,Privat betriebene öffentliche Toiletten,rail & fresh,WC im Gebäude,WC,24h,1.0,Bar/Karte/Paypal,ja,ja,nein
6023,Mitte,Bahnhof Friedrichstraße,Privat betriebene öffentliche Toiletten,SANIFAIR,WC im Gebäude,WC,-,1.0,-,nein,nein,nein
6024,Mitte,Bahnhof Alexanderplatz,Privat betriebene öffentliche Toiletten,SANIFAIR,WC im Gebäude,WC,-,1.0,-,ja,ja,nein
6025,Neukölln,Hasenheide - Hasenschänke,Privat betriebene öffentliche Toiletten,Pächter,WC im Gebäude,WC,Bei Öffnung des Kiosks,0.0,-,ja,ja,nein
6033,Neukölln,Café im Park am Buschkrug,Privat betriebene öffentliche Toiletten,Pächter,WC im Gebäude,WC,Bei Öffnung des Kiosks,0.0,-,ja,ja,nein
6035,Neukölln,"Kiosk im Nordpark, Ursulinenstraße",Privat betriebene öffentliche Toiletten,Pächter,WC im Gebäude,WC,Bei Öffnung des Kiosks,0.0,-,ja,ja,nein
6036,Pankow,Mauerpark (Erweiterung),Sonstige öffentliche Toiletten,Grün Berlin GmbH,Park oder autarke,WC,-,0.0,-,ja,ja,nein
6037,Pankow,Botanischer Volkspark Pankow Blankenfelde,Sonstige öffentliche Toiletten,Bezirk,Park oder autarke,WC,-,0.0,-,nein,nein,nein
6039,Pankow,Bürgerpark Pankow Café Rosengarten,Privat betriebene öffentliche Toiletten,Pächter,WC im Gebäude,WC,-,0.5,-,ja,ja,nein
6040,Pankow,Rathaus Pankow,Sonstige öffentliche Toiletten,Bezirk,öffentliches Gebäude,WC,"Mo: 8-16 Uhr Di, Do: 9:30-18 Uhr Mi: 8-14 Uhr Fr: 8-13 Uhr",0.0,-,nein,ja,nein
6041,Pankow,Rathaus Weißensee,Sonstige öffentliche Toiletten,Bezirk,öffentliches Gebäude,WC,"Mo: 8-16 Uhr Di, Do: 9:30-18 Uhr Mi: 8-14 Uhr Fr: 8-13 Uhr",0.0,-,nein,ja,nein
6043,Reinickendorf,"Landeseigener Friedhof Reinickendorf Humboldtstraße 74-90, 13403 Berlin",Sonstige öffentliche Toiletten,Bezirk,Friedhof,WC,-,0.0,-,nein,nein,nein
6044,Reinickendorf,"Landeseigener Friedhof Wittenau Thiloweg 2, 13437 Berlin",Sonstige öffentliche Toiletten,Bezirk,Friedhof,WC,-,0.0,-,ja,ja,nein
6045,Reinickendorf,"Landeseigener Friedhof Am Fließtal Waidmannsluster Damm 13, 13509 Berlin",Sonstige öffentliche Toiletten,Bezirk,Friedhof,WC,-,0.0,-,nein,nein,nein
6046,Reinickendorf,"Landeseigener Friedhof Tegel Wilhelm-Blume-Allee 3, 13509 Berlin",Sonstige öffentliche Toiletten,Bezirk,Friedhof,WC,-,0.0,-,nein,nein,nein
6047,Reinickendorf,"Landeseigener Friedhof Heiligensee Sandhauser Straße 110, 13505 Berlin",Sonstige öffentliche Toiletten,Bezirk,Friedhof,WC,-,0.0,-,nein,nein,nein
6048,Reinickendorf,"Landeseigener Friedhof Hermsdorf Frohnauer Straße 112-122, 13465 Berlin",Sonstige öffentliche Toiletten,Bezirk,Friedhof,WC,-,0.0,-,ja,ja,nein
6049,Reinickendorf,"Landeseigener Friedhof Frohnau Hainbuchenstraße 64-76, 13465 Berlin",Sonstige öffentliche Toiletten,Bezirk,Friedhof,WC,-,0.0,-,ja,ja,nein
6050,Reinickendorf,"Landeseigener Friedhof Lübars Zabel-Krüger-Damm 176-186, 13469 Berlin",Sonstige öffentliche Toiletten,Bezirk,Friedhof,WC,-,0.0,-,ja,ja,nein
6051,Reinickendorf,"Landeseigener Friedhof Hermsdorf II Schulzendorfer Straße 53c, 13467 Berlin",Sonstige öffentliche Toiletten,Bezirk,Friedhof,WC,-,0.0,-,ja,ja,nein
6052,Spandau,Landhausgarten Fraenkel,Sonstige öffentliche Toiletten,Bezirk,Park oder autarke,WC,"während der Öffnungszeiten der Gartenanlage (Mo-Do 7:30 -14 Uhr, Mai-September zusätzlich Fr-So 10-18 Uhr)",0.0,-,nein,ja,nein
6053,Spandau,Landschaftsfriedhof Gatow,Sonstige öffentliche Toiletten,Bezirk,Friedhof,WC,während der Öffnungszeiten des Friedhofs (Oktober-März 7.30-18.00 Uhr; April bis September 7.30-20.00 Uhr),0.0,-,nein,nein,nein
6054,Spandau,Friedhof in den Kisseln,Sonstige öffentliche Toiletten,Bezirk,Friedhof,WC,während der Öffnungszeiten des Friedhofs (Oktober-März 7.30-18.00 Uhr; April bis September 7.30-20.00 Uhr),0.0,-,nein,nein,nein
6055,Spandau,Friedhof Staaken,Sonstige öffentliche Toiletten,Bezirk,Friedhof,WC,während der Öffnungszeiten des Friedhofs (Oktober-März 7.30-18.00 Uhr; April bis September 7.30-20.00 Uhr),0.0,-,nein,ja,nein
6056,Spandau,Bahnhof Spandau,Privat betriebene öffentliche Toiletten,rail & fresh,WC im Gebäude,WC,6-22 Uhr,1.0,-,ja,ja,nein
6057,Spandau,Spektepark,Privat betriebene öffentliche Toiletten,Pächter,WC im Gebäude,WC,während der Öffnungszeiten des Kiosks (April-Oktober),0.0,-,nein,ja,nein
6058,Steglitz-Zehlendorf,"Friedhof Wannsee, Friedenstr. 8-10, 14109 Berlin",Sonstige öffentliche Toiletten,Bezirk,Friedhof,WC,-,0.0,-,nein,nein,nein
6059,Steglitz-Zehlendorf,"Königin-Luise-Str. 57 (Friedhof), 14195 Berlin",Sonstige öffentliche Toiletten,Bezirk,Friedhof,WC,-,0.0,-,nein,nein,nein
6060,Steglitz-Zehlendorf,"Thuner Platz 2-4 (Friedhof), 12205 Berlin",Sonstige öffentliche Toiletten,Bezirk,Friedhof,WC,-,-,-,nein,nein,nein
6061,Steglitz-Zehlendorf,"Bergstr. 38 (Friedhof), 12169 Berlin",Sonstige öffentliche Toiletten,Bezirk,Friedhof,WC,-,0.0,-,nein,nein,nein
6062,Steglitz-Zehlendorf,"Wasgensteig 30 (Friedhof), 14129 Berlin",Sonstige öffentliche Toiletten,Bezirk,Friedhof,WC ,-,0.0,-,ja,ja,nein
6064,Steglitz-Zehlendorf,Bahnhof Wannsee,Privat betriebene öffentliche Toiletten,rail & fresh,WC im Gebäude,WC,-,1.0,-,ja,ja,ja
6065,Tempelhof-Schöneberg,"Pächter der Gewerbeeinheit - (Perelsplatz 1, 12159 Berlin)",Privat betriebene öffentliche Toiletten,Pächter,WC im Gebäude,WC,-,-,-,nein,nein,nein
6066,Tempelhof-Schöneberg,"Rathaus Schöneberg,  John-F.-Kennedy-Platz",Sonstige öffentliche Toiletten,Bezirk,öffentliches Gebäude,WC,"Mo, Mi, Fr: 08:00-15:00; Di, Do: 10:00-18:00 (Öffnungszeiten des Bürgeramts)",0.0,-,ja,ja,nein
6068,Tempelhof-Schöneberg,Gesundheitsamt Rathausstraße 27 / Kaiserstraße 12105 Berlin,Sonstige öffentliche Toiletten,Bezirk,öffentliches Gebäude,WC,-,0.0,-,ja,ja,nein
6069,Tempelhof-Schöneberg,"Gebäude des Bezirks, Jugendamt, Strelitzstraße 15/17 / Machonstraße",Sonstige öffentliche Toiletten,Bezirk,öffentliches Gebäude,WC,-,0.0,-,ja,ja,nein
6070,Tempelhof-Schöneberg,"Alt-Tempelhof 21,  12103 Berlin",Privat betriebene öffentliche Toiletten,Pächter,WC im Gebäude,WC,-,-,-,nein,nein,nein
6071,Tempelhof-Schöneberg,"Rathaus Tempelhof, Tempelhofer Damm 165",Sonstige öffentliche Toiletten,Bezirk,öffentliches Gebäude,WC,"Mo, Mi, Fr: 08:00-15:00; Di, Do: 10:00-18:00 (Öffnungszeiten des Bürgeramts)",0.0,-,ja,ja,nein
6026,Neukölln,Friedhof Lilienthalstraße - Lilienthalstraße 7,Sonstige öffentliche Toiletten,Bezirk,Friedhof,WC (bei Veranstaltungen),Mit Schlüssel während Trauerfeiern,0.0,-,nein,nein,nein
6027,Neukölln,Friedhof Columbiadamm - Columbiadamm 122,Sonstige öffentliche Toiletten,Bezirk,Friedhof,WC (bei Veranstaltungen),Mit Schlüssel während Trauerfeiern,0.0,-,ja,ja,nein
6028,Neukölln,Friedhof Urnenhain - Leonberger Ring 54,Sonstige öffentliche Toiletten,Bezirk,Friedhof,WC (bei Veranstaltungen),Mit Schlüssel während Trauerfeiern,0.0,-,nein,nein,nein
6029,Neukölln,Friedhof Alt-Buckow - Alt-Buckow 39B,Sonstige öffentliche Toiletten,Bezirk,Friedhof,WC (bei Veranstaltungen),Mit Schlüssel während Trauerfeiern,0.0,-,nein,nein,nein
6030,Neukölln,Friedhof Koppelweg - Koppelweg 10,Sonstige öffentliche Toiletten,Bezirk,Friedhof,WC (bei Veranstaltungen),Mit Schlüssel während Trauerfeiern,0.0,-,ja,ja,nein
6031,Neukölln,Parkfriedhof Neukölln - Buckower Damm 148,Sonstige öffentliche Toiletten,Bezirk,Friedhof,WC (bei Veranstaltungen),Mit Schlüssel während Trauerfeiern,0.0,-,ja,ja,nein
6032,Neukölln,Friedhof Buschkrugallee - Buschkrugallee 38,Sonstige öffentliche Toiletten,Bezirk,Friedhof,WC (bei Veranstaltungen),Mit Schlüssel während Trauerfeiern,0.0,-,ja,ja,nein
6034,Neukölln,Friedhof Rudow - Köpenicker Straße 131,Sonstige öffentliche Toiletten,Bezirk,Friedhof,WC (bei Veranstaltungen),Mit Schlüssel während Trauerfeiern,0.0,-,nein,nein,nein
6072,Tempelhof-Schöneberg,"Gemeinschaftshaus Lichtenrade Barnetstraße 11, 12305 Berlin",Sonstige öffentliche Toiletten,Bezirk,öffentliches Gebäude,WC,-,0.0,-,ja,ja,nein
6073,Neukölln,"Tempelhofer Feld, Crashgate",Sonstige öffentliche Toiletten,Grün Berlin GmbH,Park oder autarke,WC,Öffnungszeiten Tempelhofer Feld,0.0,-,nein,ja,ja
6074,Neukölln,"Tempelhofer Feld, Oderstr,",Sonstige öffentliche Toiletten,Grün Berlin GmbH,WC im Gebäude,WC,Öffnungszeiten Tempelhofer Feld,0.0,-,ja,nein,ja
6075,Tempelhof-Schöneberg,Bahnhof Südkreuz (Ost),Privat betriebene öffentliche Toiletten,rail & fresh,WC im Gebäude,WC,-,1.0,-,ja,ja,nein
6076,Tempelhof-Schöneberg,Bahnhof Südkreuz (West),Privat betriebene öffentliche Toiletten,rail & fresh,WC im Gebäude,WC,-,1.0,-,ja,ja,nein
6077,Tempelhof-Schöneberg,"Gebäude des Bezirks, Kinder- und Jugendpsychiatrischer Dienst, Welserstraße 23, 10777 Berlin",Sonstige öffentliche Toiletten,Bezirk,öffentliches Gebäude,WC,-,0.0,-,ja,ja,nein
6078,Tempelhof-Schöneberg,"Tempelhofer Feld, Columbiadamm, Geb.130",Sonstige öffentliche Toiletten,Grün Berlin GmbH,WC im Gebäude,WC,Öffnungszeiten Tempelhofer Feld,0.0,-,nein,nein,nein
6079,Neukölln,"Tempelhofer Feld, Biergarten",Sonstige öffentliche Toiletten,Grün Berlin GmbH,WC im Gebäude,WC,Öffnungszeiten Tempelhofer Feld,0.0,-,ja,ja,ja
6080,Tempelhof-Schöneberg,"Tempelhofer Feld, Tempelhofer Damm, Tor 9",Sonstige öffentliche Toiletten,Grün Berlin GmbH,WC im Gebäude,WC,Öffnungszeiten Tempelhofer Feld,0.0,-,ja,ja,ja
6081,Neukölln,"Tempelhofer Feld, Projektflächen Allmende",Sonstige öffentliche Toiletten,Grün Berlin GmbH,Park oder autarke,WC,Öffnungszeiten Tempelhofer Feld,0.0,-,ja,ja,ja
6082,Treptow-Köpenick,"Rathaus Neue Krugallee 4,12435 Berlin",Sonstige öffentliche Toiletten,Bezirk,öffentliches Gebäude,WC,6-20 Uhr,0.0,-,ja,ja,nein
6083,Treptow-Köpenick,"Friedhof Baumschulenweg, Kiefholzstraße 221-228, 12437 Berlin",Sonstige öffentliche Toiletten,Bezirk,Friedhof,WC,nur während Betriebsablauf 8- 14 Uhr,0.0,-,nein,nein,nein
6084,Treptow-Köpenick,"Bürgerhaus Altglienicke Ortolfstr. 182-184, 12524 Berlin",Sonstige öffentliche Toiletten,Bezirk,öffentliches Gebäude,WC,-,0.0,-,ja,ja,nein
6085,Treptow-Köpenick,"Friedhof Oberschöneweide, Verlängerte Rathenaustr. 131 a, 12459 Berlin",Sonstige öffentliche Toiletten,Bezirk,Friedhof,WC,nur während Betriebsablauf,0.0,-,nein,nein,nein
6086,Treptow-Köpenick,"Friedhof Adlershof, Friedlander Straße 156, 12489 Berlin",Sonstige öffentliche Toiletten,Bezirk,Friedhof,WC,5-18 Uhr,0.0,-,nein,nein,nein
6087,Treptow-Köpenick,"Toilette i. Marktimbiss Adlershof, Dörpfeldstr., 12849 Berlin",Privat betriebene öffentliche Toiletten,Pächter,WC im Gebäude,WC,-,0.5,-,nein,nein,nein
6091,Treptow-Köpenick,"Friedhof Grünau, Rabindranath-Tagore-Straße 18-20, 12527 Berlin",Sonstige öffentliche Toiletten,Bezirk,Friedhof,WC,während Öffnungszeiten Friedhof,0.0,-,nein,nein,nein
6092,Treptow-Köpenick,"Friedhof Müggelheim, Gosener Landstraße 1 / Im Jagen 127, 12559 Berlin",Sonstige öffentliche Toiletten,Bezirk,Friedhof,WC,während der Öffnungszeiten des Friedhofs,0.0,-,nein,nein,nein
6093,Treptow-Köpenick,"Friedhof Rahnsdorf, Fürstenwalder Allee 93, 12589 Berlin",Sonstige öffentliche Toiletten,Bezirk,Friedhof,WC,während der Öffnungszeiten des Friedhofs ,0.0,-,nein,nein,nein
6094,Friedrichshain-Kreuzberg,Kottbusser Tor,Sonstige öffentliche Toiletten,Bezirk,Park oder autarke,WC,24h,0.0,-,nein,nein,nein
6096,Steglitz-Zehlendorf,Wasgensteig 30 (Kapelle Friedhof),Sonstige öffentliche Toiletten,Bezirk,Friedhof,WC ,-,0.0,-,nein,nein,nein
6097,Steglitz-Zehlendorf,"Kronprinzessinnenweg 120, Tank&Rast Raststätte Grunewald",Privat betriebene öffentliche Toiletten,SANIFAIR,WC im Gebäude,WC,24h,1.0,-,nein,nein,nein
6098,Treptow-Köpenick,Bürgeramt Michael-Brückner-Straße 1a,Sonstige öffentliche Toiletten,Bezirk,öffentliches Gebäude,WC,Mo: 07:30-15:30 Di: 10:00-18:00 Mi: 07:30-14:00 Do: 10:00-18:00 Fr: 07:30-13:00,0.0,-,ja,ja,ja
6099,Mitte,"Wilhelms Burger, Kleiner Tiergarten",Privat betriebene öffentliche Toiletten,Pächter,WC im Gebäude,WC,bei Öffnung des Restaurants,-,-,nein,nein,nein
6100,Tempelhof-Schöneberg,"Tempelhofer Feld, Tempelhofer Damm, Laderampe",Sonstige öffentliche Toiletten,Grün Berlin GmbH,WC im Gebäude,WC,Öffnungszeiten Tempelhofer Feld,0.0,-,ja,ja,ja
6101,Neukölln,"Tempelhofer Feld, Friedhofsmauer",Sonstige öffentliche Toiletten,Grün Berlin GmbH,WC im Gebäude,WC,Öffnungszeiten Tempelhofer Feld,0.0,-,ja,ja,ja
6102,Tempelhof-Schöneberg,Natur Park Südgelände,Sonstige öffentliche Toiletten,Grün Berlin GmbH,Sanitärcontainer,WC,Öffnungszeiten des Parks,1.0,Bargeld,nein,ja,ja
6103,Treptow-Köpenick,Am Eierhäuschen,Sonstige öffentliche Toiletten,Grün Berlin GmbH,Sanitärcontainer,WC,Öffnungszeiten Biergarten,0.0,-,nein,nein,nein
6104,Lichtenberg,"Bezirksamt Lichtenberg, Alt-Friedrichsfelde 60",Sonstige öffentliche Toiletten,Bezirk,Bürgeramt,WC,Mo-Fr: 8-18 Uhr,0.0,-,ja,nein,nein
6105,Lichtenberg,Rathaus Lichtenberg,Sonstige öffentliche Toiletten,Bezirk,Bürgeramt,WC,Mo-Fr 06:30-21:30 Uhr,0.0,-,ja,nein,nein
6106,Lichtenberg,Anton-Saefkow-Bibliothek,Sonstige öffentliche Toiletten,Bezirk,Bibliothek,WC,Mo-Di: 9-19 Uhr Mi: 13-19 Uhr Do-Sa: 9-18 Uhe,0.0,-,ja,nein,nein
6107,Lichtenberg,"Bezirksamt Lichtenberg, Große-Leege-Straße 103",Sonstige öffentliche Toiletten,Bezirk,Bürgeramt,WC,Mo-Fr: 8-18 Uhr,0.0,-,ja,nein,nein
6108,Neukölln,"Rathaus Neukölln, Karl-Marx-Straße 83",Sonstige öffentliche Toiletten,Bezirk,öffentliches Gebäude,WC,6-20 Uhr,0.0,-,ja,ja,ja
6109,Neukölln,"Volkshochschule Neukölln, Boddinstraße 34",Sonstige öffentliche Toiletten,Bezirk,öffentliches Gebäude,WC,6-20 Uhr,0.0,-,nein,ja,ja
6110,Reinickendorf,"Rathaus Reinickendorf, Erdgeschoss, Eichborndamm 215, 13437 Berlin",Sonstige öffentliche Toiletten,Bezirk,WC im Gebäude,WC,Mo-Fr: 8-18 Uhr,0.0,-,nein,ja,nein
6111,Lichtenberg,"Museum Lichtenberg, Türrschmidtstraße 24",Sonstige öffentliche Toiletten,Bezirk,Museum,WC,Di-So: 11-18 Uhr,0.0,-,nein,nein,nein
6112,Treptow-Köpenick,Dienstgebäude Luisenstraße 16,Sonstige öffentliche Toiletten,Bezirk,öffentliches Gebäude,WC,"Mo-Do 6-18 Uhr, Fr-7-15 Uhr",0.0,-,nein,nein,ja
6113,Treptow-Köpenick,Dienstgebäude Amtsstraße 1,Sonstige öffentliche Toiletten,Bezirk,öffentliches Gebäude,WC,"Mo-Do 6-16 Uhr, Fr-7-15 Uhr",0.0,-,nein,nein,nein
6178,Mitte,S+U Brandenburger Tor | Unter den Linden 56,Sonstige öffentliche Toiletten,Wall GmbH,automatisches WC,WC,24h,0.5,-,nein,nein,nein
6210,Charlottenburg-Wilmersdorf,"Messedamm, Avus Raststätte ",Privat betriebene öffentliche Toiletten,Wall GmbH,WC im Gebäude,WC,24h,1.0,-,nein,nein,nein
6217,Mitte,Singer Straße (Plansche),Sonstige öffentliche Toiletten,Bezirk,EcoToilette Autark+Modular,WC,24h,0.0,-,ja,ja,ja
6218,Mitte,Weydemeyerstraße (Palnsche),Sonstige öffentliche Toiletten,Bezirk,EcoToilette Autark+Modular,WC,24h,0.0,-,ja,ja,ja
6303,Charlottenburg-Wilmersdorf,"Heinrich-Schulz-Bibliothek, Otto-Suhr-Allee 98",Sonstige öffentliche Toiletten,Bezirk,Bibliothek,WC,-,0.0,-,ja,nein,nein
6309,Friedrichshain-Kreuzberg,"ZLB / Amerika Gedenkbibliothek, Blücherplatz 1",Sonstige öffentliche Toiletten,Bezirk,Bibliothek,WC,Mo-Fr: 10-21 Uhr Sa: 10-19 Uhr So: 11-17 Uhr,0.0,-,ja,ja,nein
6310,Friedrichshain-Kreuzberg,"Bezirkszentralbibliothek Pablo Neruda, Frankfurter Allee 14a",Sonstige öffentliche Toiletten,Bezirk,Bibliothek,WC,Mo-Sa: 10-19 Uhr,0.0,-,ja,nein,nein
6311,Friedrichshain-Kreuzberg,"Kinder- und Jugendbibliothek, Blücherplatz 1 ",Sonstige öffentliche Toiletten,Bezirk,Bibliothek,WC,"Mo-Fr: 13-19 Uhr, Sa: 10-19 Uhr So: 11-17 Uhr",0.0,-,ja,nein,nein
6312,Friedrichshain-Kreuzberg,"Wilhelm-Liebknecht-/Namik-Kemal-Bibliothek, Adalbertstraße 2",Sonstige öffentliche Toiletten,Bezirk,Bibliothek,WC,Mo-Sa: 10-19 Uhr,0.0,-,ja,nein,nein
6313,Friedrichshain-Kreuzberg,"Bürgeramt 1, Yorckstraße 4-11",Sonstige öffentliche Toiletten,Bezirk,Bürgeramt,WC,"Mo, Di: 08-12 Uhr, 13-18 Uhr   Mi: 8-14 Uhr  Do: 8-15 Uhr  Fr: 8-13 Uhr Sa: 9-13 Uhr",0.0,-,nein,nein,nein
6315,Friedrichshain-Kreuzberg,"Bürgeramt 3, Frankfurter Allee 35/37",Sonstige öffentliche Toiletten,Bezirk,Bürgeramt,WC,"Mo, Di: 08-12 Uhr, 13-18 Uhr   Mi: 8-14 Uhr  Do: 8-15 Uhr  Fr: 8-13 Uhr Sa: 9-13 Uhr",0.0,-,nein,nein,nein
6316,Lichtenberg,"Anna-Seghers-Bibliothek, Prerower Platz 2",Sonstige öffentliche Toiletten,Bezirk,Bibliothek,WC,"Mo, Di: 9-19 Uhr Mi: 13-19 Uhr Do-Fr: 9-18 Uhr Sa: 9-13 Uhr",0.0,-,ja,ja,nein
6317,Lichtenberg,"Bodo-Uhse-Bibliothek, Erich-Kurz-Straße 9 ",Sonstige öffentliche Toiletten,Bezirk,Bibliothek,WC,Mo-Di: 9-19 Uhr Mi: 13-19 Uhr Do-Fr: 9-18 Uhr Sa: 9-13 Uhr,0.0,-,ja,ja,nein
6318,Lichtenberg,"Egon-Erwin-Kisch-Bibliothek, Frankfurter Allee 149",Sonstige öffentliche Toiletten,Bezirk,Bibliothek,WC,Mo-Di: 9-19 Uhr Mi: 13-19 Uhr Do-Fr: 9-18 Uhr Sa: 9-13 Uhr,0.0,-,ja,ja,nein
6323,Marzahn-Hellersdorf,"Bezirkszentralbibliothek Mark Twain, Marzahner Promenade 54",Sonstige öffentliche Toiletten,Bezirk,Bibliothek,WC,"Mo-Di, Do-Fr: 10-19:30 Uhr Mi: 14-19:30 Uhr Sa: 10-14 Uhr",0.0,-,ja,ja,nein
6330,Mitte,"Berliner Stadtbibliothek, Breite Straße 30-36",Sonstige öffentliche Toiletten,Bezirk,Bibliothek,WC,Mo-Fr 10-21 Uhr Sa 10-19 Uhr,0.0,-,ja,ja,nein
6331,Mitte,"Bezirkszentralbibliothek Philipp Schaeffer, Brunnenstraße 181",Sonstige öffentliche Toiletten,Bezirk,Bibliothek,WC,Mo-Fr: 10-19:30 Uhr Sa: 10-14 Uhr,0.0,-,ja,ja,nein
6332,Mitte,"Bibliothek am Luisenbad, Badstraße 39",Sonstige öffentliche Toiletten,Bezirk,Bibliothek,WC,Mo-Fr: 10-19:30 Uhr Sa: 10-14 Uhr,0.0,-,ja,ja,nein
6334,Mitte,"Schiller-Bibliothek, Müllerstraße 149",Sonstige öffentliche Toiletten,Bezirk,Bibliothek,WC,Mo-Fr: 10-19:30 Uhr Sa: 10-14 Uhr So: 12-18 Uhr,0.0,-,ja,ja,nein
6347,Pankow,"Bibliothek am Wasserturm, Prenzlauer Allee 227/228",Sonstige öffentliche Toiletten,Bezirk,Bibliothek,WC,Mo-Sa: 8-22 Uhr,0.0,-,ja,ja,nein
6350,Pankow,"Heinrich-Böll-Bibliothek, Greifswalder Str. 87",Sonstige öffentliche Toiletten,Bezirk,Bibliothek,WC,Mo-Di: 9-19 Uhr Mi: 13-19 Uhr Do-Fr: 9-19 Uhr Sa-So: 10-19 Uhr,0.0,-,ja,ja,nein
6351,Pankow,"Janusz-Korczak-Bibliothek, Berliner Straße 120/121",Sonstige öffentliche Toiletten,Bezirk,Bibliothek,WC,"Mo-Di, Do-Fr: 9-19 Uhr Mi: 13-19 Uhr Sa-So: 10-19 Uhr",0.0,-,ja,ja,nein
6352,Pankow,"Wolfdietrich-Schnurre-Bibliothek, Bizetstraße 41",Sonstige öffentliche Toiletten,Bezirk,Bibliothek,WC,"Mo-Di, Do-Fr: 10-19 Uhr Mi: 13-19 Uhr",0.0,-,ja,ja,nein
6355,Reinickendorf,"Humboldt-Bibliothek, Karolinenstraße 19",Sonstige öffentliche Toiletten,Bezirk,Bibliothek,WC,Mo-Fr: 11-19 Uhr Sa: 11-16 Uhr,0.0,-,ja,ja,nein
6361,Spandau,"Hauptbibliothek Spandau, Carl-Schurz-Straße13",Sonstige öffentliche Toiletten,Bezirk,Bibliothek,WC,"Mo-Fr: 10-19 Uhr Sa,So: 10-18 Uhr",0.0,-,ja,ja,nein
6367,Steglitz-Zehlendorf,"Ingeborg-Drewitz-Bibliothek, Grunewaldstr. 3",Sonstige öffentliche Toiletten,Bezirk,Bibliothek,WC,Mo-Fr: 11-19 Uhr Sa: 11-16 Uhr,0.0,-,ja,ja,nein
6371,Tempelhof-Schöneberg,"Bezirkszentralbibliothek Tempelhof-Schöneberg, Eva-Maria-Buch-Haus, Götzstraße 8-12",Sonstige öffentliche Toiletten,Bezirk,Bibliothek,WC,Mo-Sa: 10-19 Uhr,0.0,-,ja,ja,nein
6372,Tempelhof-Schöneberg,"Theodor-Heuss-Bibliothek, Hauptstraße 40",Sonstige öffentliche Toiletten,Bezirk,Bibliothek,WC,Mo-Sa: 10-19 Uhr,0.0,-,ja,ja,nein
6377,Treptow-Köpenick,Mittelpunktbibliothek Köpenkick Alter Markt,Sonstige öffentliche Toiletten,Bezirk,Bibliothek,WC,Mo-Di: 10-19 Uhr Mi: 13-19 Uhr Do-Fr: 10-19 Uhr Sa: 10-14 Uh,0.0,-,ja,ja,nein
6420,Charlottenburg-Wilmersdorf,Zentraler Omnibusbahnhof,Sonstige öffentliche Toiletten,Sanifair,WC im Gebäude,WC,24h,1.0,Bar/Karte,nein,nein,ja
6767,Charlottenburg-Wilmersdorf,Havelchaussee | Grunewaldturm,Sonstige öffentliche Toiletten,Berliner Forsten,Eco-Toilette,WC,-,0.0,-,nein,ja,nein
6768,Charlottenburg-Wilmersdorf,Forst Grunewald,Sonstige öffentliche Toiletten,Berliner Forsten,Eco-Toilette,WC,-,0.0,-,nein,nein,nein
7001,Charlottenburg-Wilmersdorf, Volkspark Wilmersdorf,Pilotprojekt Parktoilettenvertrag,EcoToiletten GmbH,Finizio Libre,WC,24h,0.0,-,nein,ja,nein
7002,Lichtenberg,"Spielplatz Regener Straße, Karlshorst",Pilotprojekt Parktoilettenvertrag,EcoToiletten GmbH,EcoToilette Autark+Modular,WC,24h,0.0,-,ja,ja,ja
7003,Friedrichshain-Kreuzberg," Alt-Stralau, Engelwiese",Pilotprojekt Parktoilettenvertrag,EcoToiletten GmbH,Finizio Libre,WC,24h,0.0,-,nein,ja,nein
7004,Friedrichshain-Kreuzberg, Helsingforser Straße,Pilotprojekt Parktoilettenvertrag,EcoToiletten GmbH,EcoToilette Autark+Modular,WC,24h,0.0,-,nein,ja,ja
7005,Lichtenberg, Landschaftspark Herzberge,Pilotprojekt Parktoilettenvertrag,EcoToiletten GmbH,Finizio Libre,WC,24h,0.0,-,nein,ja,nein
7006,Lichtenberg, Fennpfuhlpark,Pilotprojekt Parktoilettenvertrag,EcoToiletten GmbH,EcoToilette Autark+Modular,WC,24h,0.0,-,nein,ja,ja
7007,Marzahn-Hellersdorf, Eastgate,Pilotprojekt Parktoilettenvertrag,EcoToiletten GmbH,Finizio Libre,WC,24h,0.0,-,ja,ja,nein
7008,Marzahn-Hellersdorf, S- Bahnhof Raoul-Wallenberg-Straße,Pilotprojekt Parktoilettenvertrag,EcoToiletten GmbH,EcoToilette Autark+Modular,WC,24h,0.0,-,ja,ja,ja
7009,Mitte, Monbijoupark,Pilotprojekt Parktoilettenvertrag,EcoToiletten GmbH,Finizio Libre,WC,24h,0.0,-,nein,ja,nein
7010,Mitte, Invalidenpark,Pilotprojekt Parktoilettenvertrag,EcoToiletten GmbH,EcoToilette Autark+Modular,WC,24h,0.0,-,nein,ja,ja
7011,Neukölln, Wildenbruchplatz,Pilotprojekt Parktoilettenvertrag,EcoToiletten GmbH,Finizio Libre,WC,24h,0.0,-,nein,ja,nein
7012,Neukölln, Lessinghöhe,Pilotprojekt Parktoilettenvertrag,EcoToiletten GmbH,EcoToilette Autark+Modular,WC,24h,0.0,-,nein,ja,ja
7013,Pankow,Park am Weißen See ,Pilotprojekt Parktoilettenvertrag,EcoToiletten GmbH,EcoToilette Autark+Modular,WC,24h,0.0,-,nein,ja,ja
7014,Pankow, Schneeglöckchenstraße,Pilotprojekt Parktoilettenvertrag,EcoToiletten GmbH,Finizio Libre,WC,24h,0.0,-,nein,ja,nein
7015,Reinickendorf, Seggeluchbecken,Pilotprojekt Parktoilettenvertrag,EcoToiletten GmbH,EcoToilette Autark+Modular,WC,24h,0.0,-,nein,ja,ja
7016,Reinickendorf, Breitkopfbecken,Pilotprojekt Parktoilettenvertrag,EcoToiletten GmbH,Finizio Libre,WC,24h,0.0,-,nein,ja,nein
7017,Spandau,Südpark (Spielplatz an der Brücke),Pilotprojekt Parktoilettenvertrag,EcoToiletten GmbH,Finizio Libre,WC,24h,0.0,-,nein,ja,nein
7018,Spandau,Münsinger Park,Pilotprojekt Parktoilettenvertrag,EcoToiletten GmbH,EcoToilette Autark+Modular,WC,24h,0.0,-,nein,ja,ja
7019,Steglitz-Zehlendorf, Goebenstraße in der Nähe des Piratenspielplatzes im Stadtpark Steglitz,Pilotprojekt Parktoilettenvertrag,EcoToiletten GmbH,Finizio Libre,WC,24h,0.0,-,nein,ja,nein
7020,Steglitz-Zehlendorf, Spielplatz am Lauenburger Platz,Pilotprojekt Parktoilettenvertrag,EcoToiletten GmbH,EcoToilette Autark+Modular,WC,24h,0.0,-,nein,ja,ja
7021,Tempelhof-Schöneberg, Cheruskerpark,Pilotprojekt Parktoilettenvertrag,EcoToiletten GmbH,Finizio Libre,WC,24h,0.0,-,nein,ja,nein
7022,Tempelhof-Schöneberg, Heinrich-Lassen-Park,Pilotprojekt Parktoilettenvertrag,EcoToiletten GmbH,EcoToilette Autark+Modular,WC,24h,0.0,-,nein,ja,ja
7023,Treptow-Köpenick, Eingangsbereich Wuhlheide am S-Bahnhof Wuhlheide,Pilotprojekt Parktoilettenvertrag,EcoToiletten GmbH,Finizio Libre,WC,24h,0.0,-,nein,ja,nein
7024,Treptow-Köpenick, Eingangsbereich Wuhlheide an der Treskowallee,Pilotprojekt Parktoilettenvertrag,EcoToiletten GmbH,EcoToilette Autark+Modular,WC,24h,0.0,-,nein,ja,ja
7025,Mitte,Tiergarten-Unterschleuse (ex. Tiergarten Schleuse),Sonstige öffentliche Toiletten,Wall GmbH,Sanitärcontainer,WC,Sommer (Mai bis August) von 07.30 Uhr bis 21.00 Uhr,0.0,-,nein,nein,nein
7026,Reinickendorf,Reiswerder (Saatwinkler Damm) DLRG,Sonstige öffentliche Toiletten,Wall GmbH,Sanitärcontainer,WC,Winter (November bis Februar) von 08.00 Uhr bis 18.00 Uhr,0.0,-,nein,nein,nein
7027,Steglitz-Zehlendorf,Große Steinlake (Parkplatz Havelchaussee),Sonstige öffentliche Toiletten,Wall GmbH,Sanitärcontainer,WC,24h,0.0,-,nein,nein,nein
7028,Charlottenburg-Wilmersdorf,Grunewaldsee Bullenwinkel SC 03 (Grunewaldsee-Ostufer),Sonstige öffentliche Toiletten,Wall GmbH,Sanitärcontainer,WC,24h,0.0,-,nein,nein,nein
7029,Charlottenburg-Wilmersdorf,Halenseestraße am Friedenthalpark (Badewiese),Sonstige öffentliche Toiletten,Wall GmbH,Sanitärcontainer,WC,24h (April-Oktober),0.0,-,nein,nein,nein
7030,Charlottenburg-Wilmersdorf,Heerstraße am Scholzplatz,Sonstige öffentliche Toiletten,Wall GmbH,Sanitärcontainer,WC,24h,0.0,-,nein,nein,nein
7031,Charlottenburg-Wilmersdorf,Schildhornweg vor Neuer Schildhornweg | Teufelssee,Sonstige öffentliche Toiletten,Wall GmbH,Sanitärcontainer,WC,24h (April-Oktober),0.0,-,nein,nein,nein
7032,Charlottenburg-Wilmersdorf,Schillerstraße vor Wilmersdorfer Straße | Parkplatz,Sonstige öffentliche Toiletten,Wall GmbH,Sanitärcontainer,WC,24h,0.0,-,nein,nein,nein
7033,Mitte,Bellevueallee vor Spreeweg | Großer Tiergarten,Sonstige öffentliche Toiletten,Wall GmbH,Sanitärcontainer,WC,24h,0.0,-,nein,nein,nein
7034,Reinickendorf,Im Saatwinkel ggü Haus–Nr. 63–65,Sonstige öffentliche Toiletten,Wall GmbH,Sanitärcontainer,WC,24h (April-Oktober),0.0,-,nein,nein,nein
7035,Reinickendorf,Sandhauser Straße vor ggü Haus–Nr. 59 (Rettungsstelle Havel I Heiligensee),Sonstige öffentliche Toiletten,Wall GmbH,Sanitärcontainer,WC,24h (April-Oktober),0.0,-,nein,nein,nein
7036,Reinickendorf,Schwarzer Weg 71 hinter/ggü. Revierförsterei,Sonstige öffentliche Toiletten,Wall GmbH,Sanitärcontainer,WC,24h,0.0,-,nein,nein,nein
7037,Reinickendorf,Schwarzer Weg vor Zufahrt Insel Scharfenberg I Strandbad Tegel,Sonstige öffentliche Toiletten,Wall GmbH,Sanitärcontainer,WC,24h (April-Oktober),0.0,-,nein,nein,nein
7038,Spandau,Bürgerablage / Niederneuendorfer Allee 80,Sonstige öffentliche Toiletten,Wall GmbH,Sanitärcontainer,WC,24h (April-Oktober),0.0,-,nein,nein,nein
7039,Spandau,Rustweg hinter Uferpromenade (ex. Aalemannkanal),Sonstige öffentliche Toiletten,Wall GmbH,Sanitärcontainer,WC,24h,0.0,-,nein,nein,nein
7040,Spandau,Scharfe Lanke ggü 133b vor Dr.–Kleusberg–Promenade,Sonstige öffentliche Toiletten,Wall GmbH,Sanitärcontainer,WC,24h,0.0,-,nein,nein,nein
7041,Spandau,Uferpromenade ggü Haus–Nr. 15 Gross–Glienicker See,Sonstige öffentliche Toiletten,Wall GmbH,Sanitärcontainer,WC,24h (April-Oktober),0.0,-,nein,nein,nein
7042,Spandau,Uferpromenade verl. Vor Im Dohl Groß–Glienicker See,Sonstige öffentliche Toiletten,Wall GmbH,Sanitärcontainer,WC,24h (April-Oktober),0.0,-,nein,nein,nein
7043,Spandau,Waldschluchtpfad verl. Am Uferweg (Große Badewiese),Sonstige öffentliche Toiletten,Wall GmbH,Sanitärcontainer,WC,24h,0.0,-,nein,nein,nein
7044,Steglitz-Zehlendorf,Südufer Fischerhüttenstraße | Fischerhüttenweg (Krumme Lanke),Sonstige öffentliche Toiletten,Wall GmbH,Sanitärcontainer,WC,24h,0.0,-,nein,nein,nein
7045,Steglitz-Zehlendorf,Heckeshorn (nahe Flensburger Löwe) (großer Wannsee),Sonstige öffentliche Toiletten,Wall GmbH,Sanitärcontainer,WC,24h (April-Oktober),0.0,-,nein,nein,nein
7046,Steglitz-Zehlendorf,Kronprinzessinnenweg | Hüttenweg,Sonstige öffentliche Toiletten,Wall GmbH,Sanitärcontainer,WC,24h,0.0,-,nein,ja,nein
7047,Steglitz-Zehlendorf,Am Schlachtensee | Paul–Ernst–Park (Nahe S–Bhf Schlachtensee),Sonstige öffentliche Toiletten,Wall GmbH,Sanitärcontainer,WC,24h (April-Oktober),0.0,-,nein,nein,nein
7048,Charlottenburg-Wilmersdorf,Havelchaussee | Lieper Bucht,Sonstige öffentliche Toiletten,Wall GmbH,Sanitärcontainer,WC,24h,0.0,-,nein,nein,nein
7049,Steglitz-Zehlendorf,Quermatenweg | Grünanlage Krumme Lanke,Sonstige öffentliche Toiletten,Wall GmbH,Sanitärcontainer,WC,24h (April-Oktober),0.0,-,nein,nein,nein
7050,Steglitz-Zehlendorf,Pfaueninselchaussee Rettungsstation Jagen 97,Sonstige öffentliche Toiletten,Wall GmbH,Sanitärcontainer,WC,24h (April-Oktober),0.0,-,nein,nein,nein
7051,Steglitz-Zehlendorf,Heuweg I Badestelle Alter Hof Jagen 95,Sonstige öffentliche Toiletten,Wall GmbH,Sanitärcontainer,WC,24h (April-Oktober),0.0,-,nein,nein,nein
7052,Spandau,Am Kiesteich 50 (Parkplatz Gr. Spektesee),Sonstige öffentliche Toiletten,Wall GmbH,Sanitärcontainer,WC,24h,0.0,-,nein,nein,nein
7053,Reinickendorf,Flughafensee Tegel (Bernauer/Sterkraderstr.),Sonstige öffentliche Toiletten,Wall GmbH,Sanitärcontainer,WC,24h (April-Oktober),0.0,-,nein,nein,nein
7054,Steglitz-Zehlendorf,Südende Schlachtensee ggü. Nr. 145,Sonstige öffentliche Toiletten,Wall GmbH,Sanitärcontainer,WC,24h (April-Oktober),0.0,-,nein,nein,nein
7055,Mitte,"Volkspark Rehberge, Eingang Afrikanische Straße | Ottawi Straße I Dohnagestell",Sonstige öffentliche Toiletten,Wall GmbH,Sanitärcontainer,WC,24h,0.0,-,nein,nein,nein